<?xml version="1.0"?>
<COLLADA xmlns="http://www.collada.org/2005/11/COLLADASchema" version="1.4.1">
  <asset>
    <contributor>
      <author>Assimp</author>
      <authoring_tool>Assimp Exporter</authoring_tool>
    </contributor>
    <created>2018-09-29T22:49:29</created>
    <modified>2018-09-29T22:49:29</modified>
    <unit name="meter" meter="0.01" />
    <up_axis>Y_UP</up_axis>
  </asset>
  <library_effects>
    <effect id="DefaultMaterial-fx" name="DefaultMaterial">
      <profile_COMMON>
        <technique sid="standard">
          <phong>
          </phong>
        </technique>
      </profile_COMMON>
    </effect>
  </library_effects>
  <library_materials>
    <material id="DefaultMaterial" name="DefaultMaterial">
      <instance_effect url="#DefaultMaterial-fx"/>
    </material>
  </library_materials>
  <library_geometries>
    <geometry id="meshId0" name="meshId0_name" >
      <mesh>
        <source id="meshId0-positions" name="meshId0-positions">
          <float_array id="meshId0-positions-array" count="3216"> -0.41775 0.0296636 -0.452638 -0.41775 0.0296636 0.520288 -0.556067 0.0296636 0.520288 -0.556067 0.0296636 -0.452638 -0.556067 0.0755916 -0.452638 -0.556067 0.0755916 0.520288 -0.41775 0.0755916 -0.452638 -0.41775 0.0755916 0.520288 -0.413326 0.0711678 0.520288 -0.560491 0.0711678 0.520288 -0.560491 0.0340874 0.520288 -0.413326 0.0340874 0.520288 -0.413326 0.0711678 -0.452638 -0.413326 0.0711678 0.520288 -0.413326 0.0340874 0.520288 -0.413326 0.0340874 -0.452638 -0.560491 0.0711678 -0.452638 -0.413326 0.0711678 -0.452638 -0.413326 0.0340874 -0.452638 -0.560491 0.0340874 -0.452638 -0.560491 0.0711678 0.520288 -0.560491 0.0711678 -0.452638 -0.560491 0.0340874 -0.452638 -0.560491 0.0340874 0.520288 -0.560491 0.0340874 -0.452638 -0.556067 0.0296636 0.520288 -0.560491 0.0340874 0.520288 -0.556067 0.0296636 -0.452638 -0.41775 0.0296636 0.520288 -0.41775 0.0296636 -0.452638 -0.413326 0.0340874 0.520288 -0.413326 0.0340874 -0.452638 -0.41775 0.0755916 -0.452638 -0.41775 0.0755916 0.520288 -0.413326 0.0711678 -0.452638 -0.413326 0.0711678 0.520288 -0.560491 0.0711678 0.520288 -0.556067 0.0755916 -0.452638 -0.560491 0.0711678 -0.452638 -0.556067 0.0755916 0.520288 -0.556067 0.0755916 -0.452638 -0.41775 0.0755916 -0.452638 -0.556067 0.0296636 -0.452638 -0.41775 0.0296636 -0.452638 -0.556067 0.0755916 0.520288 -0.41775 0.0755916 0.520288 -0.556067 0.0296636 0.520288 -0.41775 0.0296636 0.520288 0.00731495 -0.105672 -0.37863 0.020408 -0.113962 -0.373612 0.0184892 -0.113962 -0.383259 0.00831306 -0.105672 -0.373612 0.0290527 -0.125694 -0.373612 0.0264759 -0.125694 -0.386567 0.0334086 -0.139906 -0.373612 0.0305002 -0.139906 -0.388234 0.0682782 -0.413054 -0.373612 0.0627155 -0.413054 -0.401578 0.0745902 -0.454833 -0.373612 0.068547 -0.454833 -0.403993 0.0828023 -0.496225 -0.373612 0.0761339 -0.496225 -0.407136 0.0928955 -0.537165 -0.373612 0.0854589 -0.537165 -0.410998 0.104851 -0.577588 -0.373612 0.0965044 -0.577588 -0.415574 0.11865 -0.617432 -0.373612 0.109253 -0.617432 -0.420854 0.134273 -0.656632 -0.373612 0.123687 -0.656632 -0.426833 0.151702 -0.695124 -0.373612 0.139789 -0.695124 -0.433503 0.166815 -0.732925 -0.373612 0.153752 -0.732925 -0.439286 0.176336 -0.771622 -0.373612 0.162548 -0.771622 -0.44293 0.18046 -0.811305 -0.373612 0.166358 -0.811305 -0.444508 0.163888 -0.857202 -0.443485 0.177786 -0.857202 -0.373612 0.149698 -0.903925 -0.437607 0.162427 -0.903925 -0.373612 0.124247 -0.944399 -0.427065 0.13488 -0.944399 -0.373612 0.09625 -0.976304 -0.373612 0.088558 -0.976304 -0.412282 0.0681825 -0.98766 -0.403842 0.0741957 -0.98766 -0.373612 0.0508001 -0.995598 -0.373612 0.0465677 -0.995598 -0.394889 0.026456 -1 -0.373612 0.0465677 -0.995598 -0.394889 0.0508001 -0.995598 -0.373612 0.0240768 -1 -0.385573 0.00831306 -0.105672 -0.373612 0.00447235 -0.105672 -0.382884 0.000218107 -0.105672 -0.385727 0.00731495 -0.105672 -0.37863 0.0184892 -0.113962 -0.383259 0.00447235 -0.105672 -0.382884 0.00731495 -0.105672 -0.37863 0.0130247 -0.113962 -0.391437 0.0264759 -0.125694 -0.386567 0.0191375 -0.125694 -0.39755 0.0305002 -0.139906 -0.388234 0.0222176 -0.139906 -0.40063 0.0627155 -0.413054 -0.401578 0.0468741 -0.413054 -0.425286 0.068547 -0.454833 -0.403993 0.0513373 -0.454833 -0.429749 0.0761339 -0.496225 -0.407136 0.0571442 -0.496225 -0.435556 0.0854589 -0.537165 -0.410998 0.0642812 -0.537165 -0.442693 0.0965044 -0.577588 -0.415574 0.072735 -0.577588 -0.451147 0.109253 -0.617432 -0.420854 0.0824923 -0.617432 -0.460904 0.123687 -0.656632 -0.426833 0.0935397 -0.656632 -0.471952 0.139789 -0.695124 -0.433503 0.105864 -0.695124 -0.484276 0.153752 -0.732925 -0.439286 0.11655 -0.732925 -0.494962 0.162548 -0.771622 -0.44293 0.123282 -0.771622 -0.501695 0.166358 -0.811305 -0.444508 0.126199 -0.811305 -0.504611 0.124308 -0.857202 -0.50272 0.163888 -0.857202 -0.443485 0.113448 -0.903925 -0.49186 0.149698 -0.903925 -0.437607 0.0939684 -0.944399 -0.472381 0.124247 -0.944399 -0.427065 0.0666531 -0.976304 -0.445065 0.088558 -0.976304 -0.412282 0.0510583 -0.98766 -0.429471 0.0681825 -0.98766 -0.403842 0.0345151 -0.995598 -0.412927 0.0465677 -0.995598 -0.394889 0.0345151 -0.995598 -0.412927 0.0173013 -1 -0.395713 0.007161 -1 -0.402489 0.000218107 -0.105672 -0.385727 0.00484663 -0.113962 -0.396901 0.0081548 -0.125694 -0.404888 0.00982173 -0.139906 -0.408912 0.0231657 -0.413054 -0.441128 0.0255812 -0.454833 -0.446959 0.0287238 -0.496225 -0.454546 0.0325864 -0.537165 -0.463871 0.0371615 -0.577588 -0.474917 0.0424421 -0.617432 -0.487665 0.048421 -0.656632 -0.502099 0.0550907 -0.695124 -0.518201 0.0608741 -0.732925 -0.532164 0.0645176 -0.771622 -0.54096 0.0660959 -0.811305 -0.54477 0.0650726 -0.857202 -0.5423 0.059195 -0.903925 -0.52811 0.048653 -0.944399 -0.502659 0.03387 -0.976304 -0.46697 0.0254302 -0.98766 -0.446595 0.0164771 -0.995598 -0.42498 0.0164771 -0.995598 -0.42498 -0.00480013 -0.105672 -0.386725 -0.00981842 -0.105672 -0.385727 -0.00480013 -0.105672 -0.386725 -0.00480013 -0.113962 -0.39882 -0.00480013 -0.125694 -0.407465 -0.00480018 -0.139906 -0.411821 -0.00480018 -0.413054 -0.44669 -0.00480018 -0.454833 -0.453002 -0.00480024 -0.496225 -0.461214 -0.00480024 -0.537165 -0.471308 -0.00480024 -0.577588 -0.483263 -0.00480024 -0.617432 -0.497062 -0.00480024 -0.656632 -0.512686 -0.00480024 -0.695124 -0.530114 -0.00480024 -0.732925 -0.545227 -0.00480029 -0.771622 -0.554748 -0.00480029 -0.811305 -0.558873 -0.00480029 -0.857202 -0.556199 -0.00480029 -0.903925 -0.54084 -0.00480029 -0.944399 -0.513292 -0.00480029 -0.976304 -0.474662 -0.00480029 -0.98766 -0.452608 -0.00480029 -0.995598 -0.429212 -0.00480029 -0.995598 -0.429212 -0.00480029 -1 -0.404868 -0.0167616 -1 -0.402489 -0.00981842 -0.105672 -0.385727 -0.0144469 -0.113962 -0.396901 -0.0177552 -0.125694 -0.404888 -0.0194221 -0.139906 -0.408912 -0.0327661 -0.413054 -0.441128 -0.0351816 -0.454833 -0.446959 -0.0383243 -0.496225 -0.454546 -0.0421868 -0.537165 -0.463871 -0.046762 -0.577588 -0.474917 -0.0520426 -0.617432 -0.487665 -0.0580214 -0.656632 -0.502099 -0.0646912 -0.695124 -0.518201 -0.0704746 -0.732925 -0.532164 -0.0741181 -0.771622 -0.54096 -0.0756964 -0.811305 -0.54477 -0.0746731 -0.857202 -0.5423 -0.0687956 -0.903925 -0.52811 -0.0582535 -0.944399 -0.502659 -0.0434706 -0.976304 -0.46697 -0.0350307 -0.98766 -0.446595 -0.0260776 -0.995598 -0.42498 -0.0260776 -0.995598 -0.42498 -0.0169154 -0.105672 -0.37863 -0.0140728 -0.105672 -0.382885 -0.0140728 -0.105672 -0.382885 -0.0226251 -0.113962 -0.391437 -0.0287379 -0.125694 -0.39755 -0.031818 -0.139906 -0.40063 -0.0564745 -0.413054 -0.425286 -0.0609378 -0.454833 -0.42975 -0.0667446 -0.496225 -0.435556 -0.0738816 -0.537165 -0.442693 -0.0823355 -0.577588 -0.451147 -0.0920928 -0.617432 -0.460905 -0.10314 -0.656632 -0.471952 -0.115464 -0.695124 -0.484276 -0.126151 -0.732925 -0.494962 -0.132883 -0.771622 -0.501695 -0.135799 -0.811305 -0.504611 -0.133908 -0.857202 -0.50272 -0.123048 -0.903925 -0.49186 -0.103569 -0.944399 -0.472381 -0.0762537 -0.976304 -0.445065 -0.0606589 -0.98766 -0.429471 -0.0441157 -0.995598 -0.412927 -0.0269018 -1 -0.395713 -0.0441157 -0.995598 -0.412927 -0.0336774 -1 -0.385573 -0.0169154 -0.105672 -0.37863 -0.0280896 -0.113962 -0.383259 -0.0360763 -0.125694 -0.386567 -0.0401007 -0.139906 -0.388234 -0.072316 -0.413054 -0.401578 -0.0781475 -0.454833 -0.403993 -0.0857345 -0.496225 -0.407136 -0.0950594 -0.537165 -0.410999 -0.106105 -0.577588 -0.415574 -0.118853 -0.617432 -0.420854 -0.133288 -0.656632 -0.426833 -0.14939 -0.695124 -0.433503 -0.163352 -0.732925 -0.439286 -0.172148 -0.771622 -0.44293 -0.175959 -0.811305 -0.444508 -0.173488 -0.857202 -0.443485 -0.159299 -0.903925 -0.437607 -0.133848 -0.944399 -0.427065 -0.0981586 -0.976304 -0.412282 -0.0777831 -0.98766 -0.403842 -0.0561684 -0.995598 -0.394889 -0.0561684 -0.995598 -0.394889 -0.0179136 -0.105672 -0.373612 -0.0169155 -0.105672 -0.368594 -0.0280896 -0.113962 -0.383259 -0.0179136 -0.105672 -0.373612 -0.0169154 -0.105672 -0.37863 -0.0300086 -0.113962 -0.373612 -0.0386533 -0.125694 -0.373612 -0.0360763 -0.125694 -0.386567 -0.0430092 -0.139906 -0.373612 -0.0401007 -0.139906 -0.388234 -0.0778788 -0.413054 -0.373612 -0.072316 -0.413054 -0.401578 -0.0841908 -0.454833 -0.373612 -0.0781475 -0.454833 -0.403993 -0.0924028 -0.496225 -0.373612 -0.0857345 -0.496225 -0.407136 -0.102496 -0.537165 -0.373612 -0.0950594 -0.537165 -0.410999 -0.114452 -0.577588 -0.373612 -0.106105 -0.577588 -0.415574 -0.128251 -0.617432 -0.373612 -0.118853 -0.617432 -0.420854 -0.143874 -0.656632 -0.373612 -0.133288 -0.656632 -0.426833 -0.161303 -0.695124 -0.373612 -0.14939 -0.695124 -0.433503 -0.176416 -0.732925 -0.373612 -0.163352 -0.732925 -0.439286 -0.185936 -0.771622 -0.373612 -0.172148 -0.771622 -0.44293 -0.175959 -0.811305 -0.444508 -0.190061 -0.811305 -0.373612 -0.173488 -0.857202 -0.443485 -0.187387 -0.857202 -0.373612 -0.159299 -0.903925 -0.437607 -0.172028 -0.903925 -0.373612 -0.133848 -0.944399 -0.427065 -0.14448 -0.944399 -0.373612 -0.0981586 -0.976304 -0.412282 -0.105851 -0.976304 -0.373612 -0.0777831 -0.98766 -0.403842 -0.0837963 -0.98766 -0.373612 -0.0561684 -0.995598 -0.394889 -0.0604007 -0.995598 -0.373612 -0.0604007 -0.995598 -0.373612 -0.0360566 -1 -0.373612 -0.0336774 -1 -0.361651 -0.0169155 -0.105672 -0.368594 -0.0280897 -0.113962 -0.363965 -0.0360764 -0.125694 -0.360657 -0.0401008 -0.139906 -0.35899 -0.0723161 -0.413054 -0.345646 -0.0781476 -0.454833 -0.343231 -0.0857345 -0.496225 -0.340088 -0.0950595 -0.537165 -0.336225 -0.106105 -0.577588 -0.33165 -0.118854 -0.617432 -0.32637 -0.133288 -0.656632 -0.320391 -0.14939 -0.695124 -0.313721 -0.163352 -0.732925 -0.307938 -0.172148 -0.771622 -0.304294 -0.175959 -0.811305 -0.302716 -0.173488 -0.857202 -0.303739 -0.159299 -0.903925 -0.309617 -0.133848 -0.944399 -0.320159 -0.0981586 -0.976304 -0.334942 -0.0777831 -0.98766 -0.343381 -0.0561684 -0.995598 -0.352335 -0.0561684 -0.995598 -0.352335 -0.0140729 -0.105672 -0.364339 -0.00981869 -0.105672 -0.361497 -0.0140729 -0.105672 -0.364339 -0.0226253 -0.113962 -0.355787 -0.028738 -0.125694 -0.349674 -0.0318182 -0.139906 -0.346594 -0.0564747 -0.413054 -0.321938 -0.0609379 -0.454833 -0.317474 -0.0667447 -0.496225 -0.311668 -0.0738817 -0.537165 -0.304531 -0.0823355 -0.577588 -0.296077 -0.0920928 -0.617432 -0.286319 -0.10314 -0.656632 -0.275272 -0.115464 -0.695124 -0.262948 -0.126151 -0.732925 -0.252262 -0.132883 -0.771622 -0.245529 -0.135799 -0.811305 -0.242613 -0.133908 -0.857202 -0.244504 -0.123048 -0.903925 -0.255364 -0.103569 -0.944399 -0.274843 -0.0762536 -0.976304 -0.302159 -0.0606589 -0.98766 -0.317753 -0.0441157 -0.995598 -0.334296 -0.0269018 -1 -0.35151 -0.0441157 -0.995598 -0.334296 -0.0167616 -1 -0.344735 -0.00981869 -0.105672 -0.361497 -0.0144472 -0.113962 -0.350323 -0.0177554 -0.125694 -0.342336 -0.0194223 -0.139906 -0.338312 -0.0327663 -0.413054 -0.306096 -0.0351817 -0.454833 -0.300265 -0.0383244 -0.496225 -0.292678 -0.0421869 -0.537165 -0.283353 -0.0467621 -0.577588 -0.272307 -0.0520427 -0.617432 -0.259559 -0.0580215 -0.656632 -0.245125 -0.0646912 -0.695124 -0.229022 -0.0704746 -0.732925 -0.21506 -0.0741181 -0.771622 -0.206264 -0.0756964 -0.811305 -0.202453 -0.0746731 -0.857202 -0.204924 -0.0687955 -0.903925 -0.219114 -0.0582535 -0.944399 -0.244564 -0.0434705 -0.976304 -0.280254 -0.0350307 -0.98766 -0.300629 -0.0260776 -0.995598 -0.322244 -0.0260776 -0.995598 -0.322244 0.000217841 -0.105672 -0.361497 -0.00480045 -0.105672 -0.360499 -0.00480045 -0.105672 -0.360499 -0.00480045 -0.113962 -0.348404 -0.00480045 -0.125694 -0.339759 -0.00480045 -0.139906 -0.335403 -0.0048004 -0.413054 -0.300533 -0.0048004 -0.454833 -0.294221 -0.0048004 -0.496225 -0.286009 -0.00480034 -0.537165 -0.275916 -0.00480034 -0.577588 -0.263961 -0.00480034 -0.617432 -0.250162 -0.00480034 -0.656632 -0.234538 -0.00480034 -0.695124 -0.217109 -0.00480034 -0.732925 -0.201997 -0.00480034 -0.771622 -0.192476 -0.00480034 -0.811305 -0.188351 -0.00480029 -0.857202 -0.191025 -0.00480029 -0.903925 -0.206384 -0.00480029 -0.944399 -0.233932 -0.00480029 -0.976304 -0.272562 -0.00480029 -0.98766 -0.294616 -0.00480029 -0.995598 -0.318012 -0.00480029 -0.995598 -0.318012 -0.00480029 -1 -0.342356 0.007161 -1 -0.344735 -0.00480045 -0.113962 -0.348404 0.000217841 -0.105672 -0.361497 -0.00480045 -0.105672 -0.360499 0.00484637 -0.113962 -0.350322 -0.00480045 -0.125694 -0.339759 0.00815459 -0.125694 -0.342336 -0.00480045 -0.139906 -0.335403 0.00982152 -0.139906 -0.338311 -0.0048004 -0.413054 -0.300533 0.0231656 -0.413054 -0.306096 -0.0048004 -0.454833 -0.294221 0.0255811 -0.454833 -0.300265 -0.0048004 -0.496225 -0.286009 0.0287237 -0.496225 -0.292678 -0.00480034 -0.537165 -0.275916 0.0325863 -0.537165 -0.283353 -0.00480034 -0.577588 -0.263961 0.0371614 -0.577588 -0.272307 -0.00480034 -0.617432 -0.250162 0.0424421 -0.617432 -0.259559 -0.00480034 -0.656632 -0.234538 0.0484209 -0.656632 -0.245125 -0.00480034 -0.695124 -0.217109 0.0550907 -0.695124 -0.229022 -0.00480034 -0.732925 -0.201997 0.060874 -0.732925 -0.21506 -0.00480034 -0.771622 -0.192476 0.0645175 -0.771622 -0.206264 -0.00480034 -0.811305 -0.188351 0.0660959 -0.811305 -0.202453 0.0650726 -0.857202 -0.204924 -0.00480029 -0.857202 -0.191025 0.059195 -0.903925 -0.219114 -0.00480029 -0.903925 -0.206384 0.048653 -0.944399 -0.244564 -0.00480029 -0.944399 -0.233932 -0.00480029 -0.976304 -0.272562 0.03387 -0.976304 -0.280254 -0.00480029 -0.98766 -0.294616 0.0254302 -0.98766 -0.300629 0.0164771 -0.995598 -0.322244 -0.00480029 -0.995598 -0.318012 0.0164771 -0.995598 -0.322244 0.00447214 -0.105672 -0.364339 0.00731485 -0.105672 -0.368594 0.00447214 -0.105672 -0.364339 0.0130246 -0.113962 -0.355787 0.0191373 -0.125694 -0.349674 0.0222174 -0.139906 -0.346594 0.046874 -0.413054 -0.321938 0.0513372 -0.454833 -0.317474 0.057144 -0.496225 -0.311668 0.0642811 -0.537165 -0.304531 0.0727349 -0.577588 -0.296077 0.0824922 -0.617432 -0.286319 0.0935397 -0.656632 -0.275272 0.105864 -0.695124 -0.262948 0.11655 -0.732925 -0.252262 0.123282 -0.771622 -0.245529 0.126199 -0.811305 -0.242613 0.124308 -0.857202 -0.244504 0.113448 -0.903925 -0.255364 0.0939684 -0.944399 -0.274843 0.0666531 -0.976304 -0.302159 0.0510583 -0.98766 -0.317753 0.0345151 -0.995598 -0.334297 0.0173013 -1 -0.35151 0.0345151 -0.995598 -0.334297 0.0240768 -1 -0.361651 0.00731485 -0.105672 -0.368594 0.0184891 -0.113962 -0.363965 0.0264758 -0.125694 -0.360657 0.0305001 -0.139906 -0.35899 0.0627154 -0.413054 -0.345646 0.0685469 -0.454833 -0.34323 0.0761339 -0.496225 -0.340088 0.0854589 -0.537165 -0.336225 0.0965044 -0.577588 -0.33165 0.109253 -0.617432 -0.326369 0.123687 -0.656632 -0.320391 0.139789 -0.695124 -0.313721 0.153752 -0.732925 -0.307938 0.162548 -0.771622 -0.304294 0.166358 -0.811305 -0.302716 0.163888 -0.857202 -0.303739 0.149698 -0.903925 -0.309617 0.124247 -0.944399 -0.320159 0.088558 -0.976304 -0.334942 0.0681825 -0.98766 -0.343381 0.0465677 -0.995598 -0.352335 0.0465677 -0.995598 -0.352335 0.561542 1 0.512945 0.423224 0.027074 0.512945 0.423224 1 0.512945 0.561542 0.027074 0.512945 0.423224 1 0.558873 0.423224 0.027074 0.558873 0.561542 1 0.558873 0.561542 0.027074 0.558873 0.565966 0.027074 0.554449 0.4188 0.027074 0.554449 0.4188 0.027074 0.517368 0.565966 0.027074 0.517368 0.565966 1 0.517368 0.565966 0.027074 0.554449 0.565966 0.027074 0.517368 0.565966 1 0.554449 0.565966 1 0.517368 0.4188 1 0.517368 0.4188 1 0.554449 0.565966 1 0.554449 0.4188 0.027074 0.554449 0.4188 1 0.554449 0.4188 1 0.517368 0.4188 0.027074 0.517368 0.423224 1 0.512945 0.4188 0.027074 0.517368 0.4188 1 0.517368 0.423224 0.027074 0.512945 0.565966 1 0.517368 0.565966 0.027074 0.517368 0.561542 1 0.512945 0.561542 0.027074 0.512945 0.561542 1 0.558873 0.561542 0.027074 0.558873 0.565966 1 0.554449 0.565966 0.027074 0.554449 0.4188 1 0.554449 0.423224 0.027074 0.558873 0.423224 1 0.558873 0.4188 0.027074 0.554449 0.561542 1 0.558873 0.423224 1 0.558873 0.423224 1 0.512945 0.561542 1 0.512945 0.423224 0.027074 0.558873 0.561542 0.027074 0.558873 0.561542 0.027074 0.512945 0.423224 0.027074 0.512945 0.488057 0.0715106 -0.393025 0.495413 0.967453 0.513539 0.495413 0.0729147 -0.394408 0.488057 0.966049 0.514922 0.482672 0.0676747 -0.389246 0.482672 0.962213 0.518701 0.480701 0.0624348 -0.384083 0.480701 0.956973 0.523864 0.482672 0.951733 0.529026 0.482672 0.0571948 -0.378921 0.488057 0.947897 0.532805 0.488057 0.0533589 -0.375141 0.495413 0.0519549 -0.373758 0.495413 0.946494 0.534189 0.502769 0.947897 0.532805 0.495413 0.0519549 -0.373758 0.502769 0.0533589 -0.375141 0.495413 0.946494 0.534189 0.508154 0.0571948 -0.378921 0.508154 0.951733 0.529026 0.510125 0.0624348 -0.384083 0.510125 0.956973 0.523864 0.508154 0.962213 0.518701 0.508154 0.0676747 -0.389246 0.502769 0.966049 0.514922 0.502769 0.0715106 -0.393025 -0.41775 1 0.512945 -0.556067 0.027074 0.512945 -0.556067 1 0.512945 -0.41775 0.027074 0.512945 -0.556067 1 0.558873 -0.556067 0.027074 0.558873 -0.41775 1 0.558873 -0.41775 0.027074 0.558873 -0.413326 0.027074 0.554449 -0.560491 0.027074 0.554449 -0.560491 0.027074 0.517368 -0.413326 0.027074 0.517368 -0.413326 1 0.517368 -0.413326 0.027074 0.554449 -0.413326 0.027074 0.517368 -0.413326 1 0.554449 -0.560491 1 0.554449 -0.413326 1 0.517368 -0.560491 1 0.517368 -0.413326 1 0.554449 -0.560491 0.027074 0.554449 -0.560491 1 0.554449 -0.560491 1 0.517368 -0.560491 0.027074 0.517368 -0.556067 1 0.512945 -0.556067 0.027074 0.512945 -0.560491 1 0.517368 -0.560491 0.027074 0.517368 -0.413326 0.027074 0.517368 -0.41775 1 0.512945 -0.413326 1 0.517368 -0.41775 0.027074 0.512945 -0.41775 1 0.558873 -0.41775 0.027074 0.558873 -0.413326 1 0.554449 -0.413326 0.027074 0.554449 -0.560491 1 0.554449 -0.556067 0.027074 0.558873 -0.556067 1 0.558873 -0.560491 0.027074 0.554449 -0.41775 1 0.558873 -0.556067 1 0.558873 -0.556067 1 0.512945 -0.41775 1 0.512945 -0.556067 0.027074 0.558873 -0.41775 0.027074 0.558873 -0.41775 0.027074 0.512945 -0.556067 0.027074 0.512945 -0.495469 0.0715106 -0.393025 -0.488114 0.967453 0.513539 -0.488114 0.0729147 -0.394408 -0.49547 0.966049 0.514922 -0.500854 0.0676747 -0.389246 -0.500855 0.962213 0.518701 -0.502825 0.0624348 -0.384083 -0.502826 0.956973 0.523864 -0.500855 0.951733 0.529026 -0.500854 0.0571948 -0.378921 -0.49547 0.947897 0.532805 -0.495469 0.0533589 -0.375141 -0.488114 0.0519549 -0.373758 -0.488114 0.946494 0.534189 -0.480758 0.947897 0.532805 -0.488114 0.0519549 -0.373758 -0.480758 0.0533589 -0.375141 -0.488114 0.946494 0.534189 -0.475373 0.0571948 -0.378921 -0.475373 0.951733 0.529026 -0.473402 0.0624348 -0.384083 -0.473402 0.956973 0.523864 -0.475373 0.962213 0.518701 -0.475373 0.0676747 -0.389246 -0.480758 0.966049 0.514922 -0.480758 0.0715106 -0.393025 0.041758 -0.00604757 -0.373093 0.041758 -0.0569754 -0.373093 0.0388295 -0.00604757 -0.389701 0.0388295 -0.0569755 -0.389701 0.0303971 -0.00604757 -0.404306 0.0303971 -0.0569755 -0.404306 0.0174779 -0.00604757 -0.415147 0.0174779 -0.0569755 -0.415147 0.00163023 -0.00604757 -0.420915 0.00163023 -0.0569755 -0.420915 -0.0152346 -0.00604757 -0.420915 -0.0152346 -0.0569755 -0.420915 -0.0310822 -0.00604757 -0.415147 -0.0310822 -0.0569755 -0.415147 -0.0440014 -0.00604757 -0.404306 -0.0440014 -0.0569755 -0.404306 -0.0524338 -0.00604757 -0.389701 -0.0524338 -0.0569755 -0.389701 -0.0553623 -0.0569754 -0.373093 -0.0553623 -0.00604757 -0.373093 -0.0524338 -0.00604757 -0.356484 -0.0524338 -0.0569754 -0.356484 -0.0440014 -0.00604757 -0.341879 -0.0440014 -0.0569754 -0.341879 -0.0310823 -0.00604757 -0.331038 -0.0310823 -0.0569754 -0.331038 -0.0152346 -0.00604757 -0.32527 -0.0152346 -0.0569754 -0.32527 -0.0152346 -0.00604757 -0.32527 -0.0152346 -0.0569754 -0.32527 0.00163023 -0.00604757 -0.32527 0.00163023 -0.0569754 -0.32527 0.0174779 -0.00604757 -0.331038 0.0174779 -0.0569754 -0.331038 0.0303971 -0.00604757 -0.341879 0.0303971 -0.0569754 -0.341879 0.0388295 -0.00604757 -0.356484 0.0388295 -0.0569754 -0.356484 0.0134102 -0.0836151 -0.365736 0.0244908 -0.0787534 -0.361703 0.00967512 -0.0836151 -0.359267 0.0187081 -0.0787534 -0.351687 0.00395263 -0.0836151 -0.354465 0.00984849 -0.0787534 -0.344253 -0.00306708 -0.0836151 -0.35191 -0.00101943 -0.0787534 -0.340297 -0.0125848 -0.0787534 -0.340297 -0.0105372 -0.0836151 -0.35191 -0.0234528 -0.0787534 -0.344253 -0.0105372 -0.0836151 -0.35191 -0.0125848 -0.0787534 -0.340297 -0.0175569 -0.0836151 -0.354465 -0.0323124 -0.0787534 -0.351687 -0.0232794 -0.0836151 -0.359267 -0.0270145 -0.0836151 -0.365736 -0.0380952 -0.0787534 -0.361703 -0.0401034 -0.0787534 -0.373093 -0.0283117 -0.0836151 -0.373093 -0.0270145 -0.0836151 -0.380449 -0.0380952 -0.0787534 -0.384482 -0.0323124 -0.0787534 -0.394498 -0.0232794 -0.0836151 -0.386919 -0.0234528 -0.0787534 -0.401932 -0.0175569 -0.0836151 -0.39172 -0.0125848 -0.0787534 -0.405888 -0.0105372 -0.0836151 -0.394275 -0.00306702 -0.0836151 -0.394275 -0.00101943 -0.0787534 -0.405888 0.00395263 -0.0836151 -0.39172 0.00984854 -0.0787534 -0.401932 0.0187081 -0.0787534 -0.394498 0.00967512 -0.0836151 -0.386919 0.0244909 -0.0787534 -0.384482 0.0134102 -0.0836151 -0.380449 0.0264992 -0.0787534 -0.373093 0.0147074 -0.0836151 -0.373093 0.041758 -0.0569754 -0.373093 0.0357769 -0.0654335 -0.38859 0.0388295 -0.0569755 -0.389701 0.0385095 -0.0654335 -0.373093 0.0279086 -0.0654335 -0.402218 0.0303971 -0.0569755 -0.404306 0.0174779 -0.0569755 -0.415147 0.0158537 -0.0654335 -0.412334 0.00163023 -0.0569755 -0.420915 0.00106615 -0.0654335 -0.417716 -0.0146704 -0.0654335 -0.417716 -0.0152346 -0.0569755 -0.420915 -0.029458 -0.0654335 -0.412334 -0.0310822 -0.0569755 -0.415147 -0.0415129 -0.0654335 -0.402218 -0.0440014 -0.0569755 -0.404306 -0.0524338 -0.0569755 -0.389701 -0.0493812 -0.0654335 -0.38859 -0.0553623 -0.0569754 -0.373093 -0.0521138 -0.0654335 -0.373093 -0.0493812 -0.0654335 -0.357595 -0.0524338 -0.0569754 -0.356484 -0.0415129 -0.0654335 -0.343967 -0.0440014 -0.0569754 -0.341879 -0.0310823 -0.0569754 -0.331038 -0.029458 -0.0654335 -0.333852 -0.0152346 -0.0569754 -0.32527 -0.0146704 -0.0654335 -0.328469 -0.0146704 -0.0654335 -0.328469 0.00163023 -0.0569754 -0.32527 -0.0152346 -0.0569754 -0.32527 0.00106615 -0.0654335 -0.328469 0.0158537 -0.0654335 -0.333852 0.0174779 -0.0569754 -0.331038 0.0279086 -0.0654335 -0.343967 0.0303971 -0.0569754 -0.341879 0.0388295 -0.0569754 -0.356484 0.0357769 -0.0654335 -0.357595 0.00395263 -0.0836151 -0.354465 -0.00306702 -0.0836151 -0.394275 0.0134102 -0.0836151 -0.365736 0.00967512 -0.0836151 -0.359267 -0.0105372 -0.0836151 -0.35191 -0.00306708 -0.0836151 -0.35191 -0.0175569 -0.0836151 -0.354465 -0.0232794 -0.0836151 -0.359267 -0.0283117 -0.0836151 -0.373093 -0.0270145 -0.0836151 -0.365736 -0.0232794 -0.0836151 -0.386919 -0.0270145 -0.0836151 -0.380449 -0.0105372 -0.0836151 -0.394275 -0.0175569 -0.0836151 -0.39172 0.00967512 -0.0836151 -0.386919 0.0134102 -0.0836151 -0.380449 0.00395263 -0.0836151 -0.39172 0.0147074 -0.0836151 -0.373093 0.0295515 -0.0738916 -0.386324 0.0318846 -0.0738916 -0.373093 0.0228336 -0.0738916 -0.39796 0.0125412 -0.0738916 -0.406596 -8.4255e-05 -0.0738916 -0.411192 -0.01352 -0.0738916 -0.411191 -0.0261455 -0.0738916 -0.406596 -0.0364379 -0.0738916 -0.39796 -0.0431557 -0.0738916 -0.386324 -0.0454888 -0.0738916 -0.373093 -0.0431557 -0.0738916 -0.359861 -0.0364379 -0.0738916 -0.348225 -0.0261455 -0.0738916 -0.339589 -0.01352 -0.0738916 -0.334994 -8.43082e-05 -0.0738916 -0.334994 -0.01352 -0.0738916 -0.334994 0.0125412 -0.0738916 -0.339589 0.0228336 -0.0738916 -0.348225 0.0295515 -0.0738916 -0.359861 0.0039737 -0.0767468 -0.372115 0.0039737 -0.115601 -0.372115 0.0033844 -0.0767468 -0.375458 0.0033844 -0.115601 -0.375458 0.00168763 -0.0767468 -0.378397 0.00168763 -0.115601 -0.378397 -0.000912028 -0.0767468 -0.380578 -0.000912028 -0.115601 -0.380578 -0.00410098 -0.0767468 -0.381739 -0.00410098 -0.115601 -0.381739 -0.00749463 -0.0767468 -0.381739 -0.00749463 -0.115601 -0.381739 -0.0106836 -0.0767468 -0.380578 -0.0106836 -0.115601 -0.380578 -0.0132832 -0.0767468 -0.378397 -0.0132832 -0.115601 -0.378397 -0.01498 -0.0767468 -0.375458 -0.01498 -0.115601 -0.375458 -0.0155693 -0.0767468 -0.372115 -0.0155693 -0.115601 -0.372115 -0.01498 -0.0767468 -0.368773 -0.01498 -0.115601 -0.368773 -0.0132832 -0.0767468 -0.365834 -0.0132832 -0.115601 -0.365834 -0.0106836 -0.0767468 -0.363653 -0.0106836 -0.115601 -0.363653 -0.00749463 -0.0767468 -0.362492 -0.00749463 -0.115601 -0.362492 -0.00749463 -0.0767468 -0.362492 -0.00749463 -0.115601 -0.362492 -0.00410098 -0.0767468 -0.362492 -0.00410098 -0.115601 -0.362492 -0.000912028 -0.0767468 -0.363653 -0.000912028 -0.115601 -0.363653 0.00168763 -0.0767468 -0.365834 0.00168763 -0.115601 -0.365834 0.0033844 -0.0767468 -0.368773 0.0033844 -0.115601 -0.368773 0.23188 0.0296636 -0.452638 0.23188 0.0296636 0.520288 0.0935629 0.0296636 0.520288 0.0935629 0.0296636 -0.452638 0.0935629 0.0755916 -0.452638 0.0935629 0.0755916 0.520288 0.23188 0.0755916 -0.452638 0.23188 0.0755916 0.520288 0.236304 0.0711678 0.520288 0.0891391 0.0711678 0.520288 0.0891391 0.0340874 0.520288 0.236304 0.0340874 0.520288 0.236304 0.0711678 -0.452638 0.236304 0.0711678 0.520288 0.236304 0.0340874 0.520288 0.236304 0.0340874 -0.452638 0.0891391 0.0711678 -0.452638 0.236304 0.0711678 -0.452638 0.236304 0.0340874 -0.452638 0.0891391 0.0340874 -0.452638 0.0891391 0.0711678 0.520288 0.0891391 0.0711678 -0.452638 0.0891391 0.0340874 -0.452638 0.0891391 0.0340874 0.520288 0.0891391 0.0340874 0.520288 0.0891391 0.0340874 -0.452638 0.0935629 0.0296636 0.520288 0.0935629 0.0296636 -0.452638 0.23188 0.0296636 0.520288 0.23188 0.0296636 -0.452638 0.236304 0.0340874 0.520288 0.236304 0.0340874 -0.452638 0.23188 0.0755916 -0.452638 0.23188 0.0755916 0.520288 0.236304 0.0711678 -0.452638 0.236304 0.0711678 0.520288 0.0891391 0.0711678 -0.452638 0.0891391 0.0711678 0.520288 0.0935629 0.0755916 -0.452638 0.0935629 0.0755916 0.520288 0.23188 0.0755916 -0.452638 0.0935629 0.0755916 -0.452638 0.0935629 0.0296636 -0.452638 0.23188 0.0296636 -0.452638 0.0935629 0.0755916 0.520288 0.23188 0.0755916 0.520288 0.23188 0.0296636 0.520288 0.0935629 0.0296636 0.520288 -0.0977537 0.0296636 -0.452638 -0.0977537 0.0296636 0.520288 -0.236071 0.0296636 0.520288 -0.236071 0.0296636 -0.452638 -0.236071 0.0755916 -0.452638 -0.236071 0.0755916 0.520288 -0.0977537 0.0755916 -0.452638 -0.0977537 0.0755916 0.520288 -0.0933299 0.0711678 0.520288 -0.240495 0.0711678 0.520288 -0.240495 0.0340874 0.520288 -0.0933299 0.0340874 0.520288 -0.0933299 0.0711678 -0.452638 -0.0933299 0.0711678 0.520288 -0.0933299 0.0340874 0.520288 -0.0933299 0.0340874 -0.452638 -0.240495 0.0711678 -0.452638 -0.0933299 0.0711678 -0.452638 -0.0933299 0.0340874 -0.452638 -0.240495 0.0340874 -0.452638 -0.240495 0.0711678 0.520288 -0.240495 0.0711678 -0.452638 -0.240495 0.0340874 -0.452638 -0.240495 0.0340874 0.520288 -0.240495 0.0340874 -0.452638 -0.236071 0.0296636 0.520288 -0.240495 0.0340874 0.520288 -0.236071 0.0296636 -0.452638 -0.0977537 0.0296636 0.520288 -0.0977537 0.0296636 -0.452638 -0.0933299 0.0340874 0.520288 -0.0933299 0.0340874 -0.452638 -0.0977537 0.0755916 -0.452638 -0.0977537 0.0755916 0.520288 -0.0933299 0.0711678 -0.452638 -0.0933299 0.0711678 0.520288 -0.240495 0.0711678 0.520288 -0.236071 0.0755916 -0.452638 -0.240495 0.0711678 -0.452638 -0.236071 0.0755916 0.520288 -0.0977537 0.0755916 -0.452638 -0.236071 0.0755916 -0.452638 -0.236071 0.0296636 -0.452638 -0.0977537 0.0296636 -0.452638 -0.236071 0.0755916 0.520288 -0.0977537 0.0755916 0.520288 -0.0977537 0.0296636 0.520288 -0.236071 0.0296636 0.520288 0.56608 -0.017124 0.545571 -0.56608 -0.017124 0.545571 -0.56608 -0.017124 0.410427 0.56608 -0.017124 0.410427 -0.56608 0.0288039 0.410427 0.56608 0.0288039 0.545571 0.56608 0.0288039 0.410427 -0.56608 0.0288039 0.545571 0.56608 0.0288039 0.545571 0.56608 -0.017124 0.545571 0.56608 0.0288039 0.410427 0.56608 -0.017124 0.410427 0.56608 -0.0111134 0.551581 0.56608 -0.0111134 0.404416 0.56608 0.0227933 0.404416 0.56608 0.0227933 0.551581 -0.56608 0.0227933 0.404416 0.56608 0.0227933 0.404416 0.56608 -0.0111134 0.404416 -0.56608 -0.0111134 0.404416 -0.56608 0.0288039 0.410427 -0.56608 -0.017124 0.410427 -0.56608 0.0288039 0.545571 -0.56608 -0.017124 0.545571 -0.56608 -0.0111134 0.404416 -0.56608 -0.0111134 0.551581 -0.56608 0.0227933 0.551581 -0.56608 0.0227933 0.404416 0.56608 0.0227933 0.551581 -0.56608 0.0227933 0.551581 -0.56608 -0.0111134 0.551581 0.56608 -0.0111134 0.551581 -0.56608 -0.0111134 0.551581 0.56608 -0.017124 0.545571 0.56608 -0.0111134 0.551581 -0.56608 -0.017124 0.545571 0.56608 -0.0111134 0.404416 -0.56608 -0.017124 0.410427 -0.56608 -0.0111134 0.404416 0.56608 -0.017124 0.410427 0.56608 0.0227933 0.404416 -0.56608 0.0227933 0.404416 0.56608 0.0288039 0.410427 -0.56608 0.0288039 0.410427 -0.56608 0.0227933 0.551581 0.56608 0.0227933 0.551581 -0.56608 0.0288039 0.545571 0.56608 0.0288039 0.545571 0.56608 -0.017124 -0.308004 -0.56608 -0.017124 -0.308004 -0.56608 -0.017124 -0.443148 0.56608 -0.017124 -0.443148 -0.56608 0.0288039 -0.443148 0.56608 0.0288039 -0.308004 0.56608 0.0288039 -0.443148 -0.56608 0.0288039 -0.308004 0.56608 0.0227933 -0.449159 0.56608 0.0227933 -0.301994 0.56608 -0.0111134 -0.301994 0.56608 -0.0111134 -0.449159 -0.56608 0.0227933 -0.449159 0.56608 0.0227933 -0.449159 0.56608 -0.0111134 -0.449159 -0.56608 -0.0111134 -0.449159 -0.56608 0.0227933 -0.301994 -0.56608 0.0227933 -0.449159 -0.56608 -0.0111134 -0.449159 -0.56608 -0.0111134 -0.301994 0.56608 0.0227933 -0.301994 -0.56608 0.0227933 -0.301994 -0.56608 -0.0111134 -0.301994 0.56608 -0.0111134 -0.301994 -0.56608 -0.0111134 -0.301994 0.56608 -0.017124 -0.308004 0.56608 -0.0111134 -0.301994 -0.56608 -0.017124 -0.308004 -0.56608 -0.0111134 -0.449159 0.56608 -0.0111134 -0.449159 -0.56608 -0.017124 -0.443148 0.56608 -0.017124 -0.443148 -0.56608 0.0227933 -0.449159 0.56608 0.0288039 -0.443148 0.56608 0.0227933 -0.449159 -0.56608 0.0288039 -0.443148 -0.56608 0.0227933 -0.301994 0.56608 0.0227933 -0.301994 -0.56608 0.0288039 -0.308004 0.56608 0.0288039 -0.308004 -0.56608 0.0288039 -0.443148 -0.56608 0.0288039 -0.308004 -0.56608 -0.017124 -0.308004 -0.56608 -0.017124 -0.443148 0.56608 0.0288039 -0.308004 0.56608 0.0288039 -0.443148 0.56608 -0.017124 -0.443148 0.56608 -0.017124 -0.308004 0.561541 0.0296636 -0.452637 0.561541 0.0296636 0.520289 0.423224 0.0296636 0.520289 0.423224 0.0296636 -0.452637 0.423224 0.0755916 -0.452637 0.423224 0.0755916 0.520289 0.561541 0.0755916 -0.452637 0.561541 0.0755916 0.520289 0.565965 0.0711678 0.520289 0.4188 0.0711678 0.520289 0.4188 0.0340874 0.520289 0.565965 0.0340874 0.520289 0.565965 0.0711678 -0.452637 0.565965 0.0711678 0.520289 0.565965 0.0340874 0.520289 0.565965 0.0340874 -0.452637 0.4188 0.0711678 -0.452637 0.565965 0.0711678 -0.452637 0.565965 0.0340874 -0.452637 0.4188 0.0340874 -0.452637 0.4188 0.0711678 0.520289 0.4188 0.0711678 -0.452637 0.4188 0.0340874 -0.452637 0.4188 0.0340874 0.520289 0.4188 0.0340874 0.520289 0.4188 0.0340874 -0.452637 0.423224 0.0296636 0.520289 0.423224 0.0296636 -0.452637 0.565965 0.0340874 0.520289 0.561541 0.0296636 -0.452637 0.565965 0.0340874 -0.452637 0.561541 0.0296636 0.520289 0.565965 0.0711678 0.520289 0.565965 0.0711678 -0.452637 0.561541 0.0755916 0.520289 0.561541 0.0755916 -0.452637 0.4188 0.0711678 -0.452637 0.4188 0.0711678 0.520289 0.423224 0.0755916 -0.452637 0.423224 0.0755916 0.520289 0.423224 0.0755916 -0.452637 0.561541 0.0755916 -0.452637 0.423224 0.0296636 -0.452637 0.561541 0.0296636 -0.452637 0.423224 0.0755916 0.520289 0.561541 0.0755916 0.520289 0.423224 0.0296636 0.520289 0.561541 0.0296636 0.520289 </float_array>
          <technique_common>
            <accessor count="1072" offset="0" source="#meshId0-positions-array" stride="3">
              <param name="X" type="float" />
              <param name="Y" type="float" />
              <param name="Z" type="float" />
            </accessor>
          </technique_common>
        </source>
        <source id="meshId0-normals" name="meshId0-normals">
          <float_array id="meshId0-normals-array" count="3216"> 0 -1 -6.12323e-17 0 -1 -6.12323e-17 0 -1 -6.12323e-17 0 -1 -6.12323e-17 0 1 6.12323e-17 0 1 6.12323e-17 0 1 6.12323e-17 0 1 6.12323e-17 0 -6.12323e-17 1 0 -6.12323e-17 1 0 -6.12323e-17 1 0 -6.12323e-17 1 1 0 0 1 0 0 1 0 0 1 0 0 0 6.12323e-17 -1 0 6.12323e-17 -1 0 6.12323e-17 -1 0 6.12323e-17 -1 -1 0 0 -1 0 0 -1 0 0 -1 0 0 -0.707105 -0.707109 -4.32979e-17 -0.707105 -0.707109 -4.32979e-17 -0.707105 -0.707109 -4.32979e-17 -0.707105 -0.707109 -4.32979e-17 0.707107 -0.707107 -4.32978e-17 0.707107 -0.707107 -4.32978e-17 0.707107 -0.707107 -4.32978e-17 0.707107 -0.707107 -4.32978e-17 0.707107 0.707107 4.32978e-17 0.707107 0.707107 4.32978e-17 0.707107 0.707107 4.32978e-17 0.707107 0.707107 4.32978e-17 -0.707105 0.707109 4.32979e-17 -0.707105 0.707109 4.32979e-17 -0.707105 0.707109 4.32979e-17 -0.707105 0.707109 4.32979e-17 0 6.12323e-17 -1 0 6.12323e-17 -1 0 6.12323e-17 -1 0 6.12323e-17 -1 0 -6.12323e-17 1 0 -6.12323e-17 1 0 -6.12323e-17 1 0 -6.12323e-17 1 0.303885 0.944357 -0.12587 0.705353 0.708856 4.31258e-06 0.651663 0.708856 -0.269923 0.328919 0.944358 2.8653e-06 0.897343 0.441335 4.22221e-06 0.829038 0.441335 -0.343394 0.978034 0.208447 3.46413e-06 0.903587 0.208447 -0.374274 0.990403 0.138211 2.30771e-06 0.915014 0.138211 -0.379009 0.985005 0.172525 1.61023e-06 0.910027 0.172525 -0.376944 0.976026 0.217652 7.8077e-07 0.901731 0.217652 -0.373508 0.964991 0.262283 5.49223e-07 0.891536 0.262283 -0.369285 0.95192 0.306347 5.68243e-07 0.87946 0.306347 -0.364283 0.936834 0.349773 5.53517e-07 0.865522 0.349773 -0.358511 0.919755 0.392493 3.27113e-07 0.849743 0.392493 -0.351975 0.920412 0.390949 1.01548e-07 0.85035 0.39095 -0.352226 0.952888 0.303323 8.29449e-08 0.880354 0.303323 -0.364654 0.985423 0.170124 1.9054e-07 0.910412 0.170124 -0.377105 0.999748 0.0224563 -5.88058e-08 0.923647 0.0224564 -0.382587 0.908121 -0.18391 -0.376156 0.982943 -0.18391 -4.95065e-08 0.831862 -0.435061 -0.344569 0.900401 -0.435061 -2.22397e-08 0.690033 -0.664952 -0.285821 0.746887 -0.664952 1.71749e-08 0.559657 -0.828724 3.62713e-08 0.517056 -0.828724 -0.214172 0.368083 -0.917207 -0.152465 0.398411 -0.917207 2.03527e-08 0.258941 -0.965893 7.75772e-09 0.23923 -0.965893 -0.0990924 0.10039 -0.994948 1.60934e-08 0.23923 -0.965893 -0.0990924 0.258941 -0.965893 7.75772e-09 0.0927477 -0.994948 -0.0384174 0.328919 0.944358 2.8653e-06 0.232583 0.944358 -0.232579 0.125875 0.944357 -0.303882 0.303885 0.944357 -0.12587 0.651663 0.708856 -0.269923 0.232583 0.944358 -0.232579 0.303885 0.944357 -0.12587 0.498762 0.708856 -0.498757 0.829038 0.441335 -0.343394 0.634519 0.441335 -0.634515 0.903587 0.208447 -0.374274 0.691576 0.208447 -0.691573 0.915014 0.138211 -0.379009 0.700321 0.138211 -0.70032 0.910027 0.172525 -0.376944 0.696505 0.172525 -0.696503 0.901731 0.217652 -0.373508 0.690156 0.217653 -0.690154 0.891536 0.262283 -0.369285 0.682352 0.262283 -0.682351 0.87946 0.306347 -0.364283 0.673109 0.306347 -0.673109 0.865522 0.349773 -0.358511 0.662442 0.349773 -0.662442 0.849743 0.392493 -0.351975 0.650365 0.392493 -0.650365 0.85035 0.39095 -0.352226 0.65083 0.39095 -0.650829 0.880354 0.303323 -0.364654 0.673794 0.303323 -0.673793 0.910412 0.170124 -0.377105 0.696799 0.170124 -0.696799 0.923647 0.0224564 -0.382587 0.706928 0.0224565 -0.706928 0.695046 -0.18391 -0.695046 0.908121 -0.18391 -0.376156 0.63668 -0.435061 -0.63668 0.831862 -0.435061 -0.344569 0.528129 -0.664951 -0.528129 0.690033 -0.664952 -0.285821 0.395737 -0.828724 -0.395737 0.517056 -0.828724 -0.214172 0.281719 -0.917207 -0.281719 0.368083 -0.917207 -0.152465 0.183099 -0.965893 -0.183099 0.23923 -0.965893 -0.0990924 0.183099 -0.965893 -0.183099 0.0709861 -0.994948 -0.070986 0.0384174 -0.994948 -0.092748 0.125875 0.944357 -0.303882 0.269931 0.708856 -0.65166 0.343401 0.441335 -0.829035 0.374279 0.208447 -0.903585 0.379012 0.138211 -0.915012 0.376946 0.172525 -0.910026 0.37351 0.217653 -0.90173 0.369287 0.262283 -0.891535 0.364285 0.306347 -0.879459 0.358511 0.349773 -0.865522 0.351975 0.392493 -0.849743 0.352227 0.39095 -0.85035 0.364655 0.303323 -0.880354 0.377105 0.170124 -0.910412 0.382587 0.0224566 -0.923646 0.376156 -0.18391 -0.908121 0.344569 -0.435061 -0.831862 0.285821 -0.664951 -0.690033 0.214171 -0.828724 -0.517056 0.152465 -0.917207 -0.368083 0.0990924 -0.965893 -0.23923 0.0990924 -0.965893 -0.23923 2.86782e-06 0.944358 -0.328919 -0.125869 0.944358 -0.303884 2.86782e-06 0.944358 -0.328919 4.31258e-06 0.708856 -0.705353 4.26205e-06 0.441335 -0.897343 2.94475e-06 0.208447 -0.978034 1.98424e-06 0.138211 -0.990403 1.19562e-06 0.172524 -0.985005 6.02446e-07 0.217653 -0.976026 5.87765e-07 0.262283 -0.964991 4.23775e-07 0.306346 -0.95192 2.88792e-07 0.349773 -0.936835 2.50145e-07 0.392493 -0.919755 1.30562e-07 0.39095 -0.920412 1.02461e-07 0.303323 -0.952888 -2.44283e-08 0.170124 -0.985423 1.07811e-07 0.0224567 -0.999748 3.96052e-08 -0.18391 -0.982943 -2.71818e-08 -0.435061 -0.900401 0 -0.664952 -0.746887 2.17628e-08 -0.828724 -0.559657 1.0775e-08 -0.917207 -0.398411 -5.37073e-08 -0.965893 -0.258941 -5.37073e-08 -0.965893 -0.258941 -9.29843e-08 -0.994948 -0.100389 -0.0384174 -0.994948 -0.0927477 -0.125869 0.944358 -0.303884 -0.269922 0.708856 -0.651663 -0.343394 0.441335 -0.829038 -0.374274 0.208447 -0.903586 -0.379009 0.138211 -0.915013 -0.376944 0.172524 -0.910027 -0.373508 0.217653 -0.901731 -0.369286 0.262283 -0.891536 -0.364284 0.306346 -0.87946 -0.358511 0.349773 -0.865523 -0.351975 0.392493 -0.849743 -0.352226 0.39095 -0.85035 -0.364654 0.303323 -0.880354 -0.377105 0.170125 -0.910412 -0.382587 0.0224567 -0.923647 -0.376156 -0.18391 -0.908121 -0.344569 -0.435061 -0.831862 -0.285821 -0.664952 -0.690033 -0.214171 -0.828724 -0.517056 -0.152465 -0.917207 -0.368083 -0.0990923 -0.965893 -0.23923 -0.0990923 -0.965893 -0.23923 -0.303882 0.944358 -0.125874 -0.23258 0.944358 -0.232583 -0.23258 0.944358 -0.232583 -0.498758 0.708856 -0.498763 -0.634515 0.441335 -0.634519 -0.691573 0.208447 -0.691575 -0.70032 0.138211 -0.700321 -0.696503 0.172525 -0.696505 -0.690154 0.217653 -0.690156 -0.682351 0.262283 -0.682352 -0.673109 0.306347 -0.673109 -0.662442 0.349773 -0.662442 -0.650365 0.392493 -0.650365 -0.650829 0.39095 -0.65083 -0.673793 0.303323 -0.673794 -0.696799 0.170124 -0.696799 -0.706928 0.0224566 -0.706928 -0.695046 -0.18391 -0.695046 -0.63668 -0.435061 -0.63668 -0.528128 -0.664952 -0.528129 -0.395738 -0.828724 -0.395737 -0.281719 -0.917207 -0.281719 -0.183099 -0.965893 -0.183099 -0.0709859 -0.994948 -0.0709861 -0.183099 -0.965893 -0.183099 -0.0927479 -0.994948 -0.0384174 -0.303882 0.944358 -0.125874 -0.651661 0.708855 -0.26993 -0.829035 0.441335 -0.343401 -0.903584 0.208448 -0.374279 -0.915012 0.138211 -0.379012 -0.910026 0.172525 -0.376946 -0.90173 0.217652 -0.37351 -0.891535 0.262283 -0.369286 -0.879459 0.306347 -0.364284 -0.865522 0.349773 -0.358511 -0.849743 0.392493 -0.351975 -0.85035 0.39095 -0.352227 -0.880353 0.303323 -0.364655 -0.910412 0.170124 -0.377105 -0.923647 0.0224565 -0.382587 -0.908121 -0.18391 -0.376156 -0.831862 -0.435061 -0.344569 -0.690033 -0.664952 -0.285821 -0.517056 -0.828724 -0.214171 -0.368084 -0.917207 -0.152465 -0.23923 -0.965893 -0.0990924 -0.23923 -0.965893 -0.0990924 -0.328919 0.944358 -2.8653e-06 -0.303884 0.944357 0.12587 -0.651661 0.708855 -0.26993 -0.328919 0.944358 -2.8653e-06 -0.303882 0.944358 -0.125874 -0.705353 0.708856 -4.7463e-06 -0.897343 0.441335 -4.83463e-06 -0.829035 0.441335 -0.343401 -0.978034 0.208447 -3.49843e-06 -0.903584 0.208448 -0.374279 -0.990403 0.138211 -1.88286e-06 -0.915012 0.138211 -0.379012 -0.985005 0.172524 -1.30168e-06 -0.910026 0.172525 -0.376946 -0.976026 0.217652 -9.92831e-07 -0.90173 0.217652 -0.37351 -0.964991 0.262283 -5.49223e-07 -0.891535 0.262283 -0.369286 -0.95192 0.306347 -4.71931e-07 -0.879459 0.306347 -0.364284 -0.936834 0.349773 -3.99495e-07 -0.865522 0.349773 -0.358511 -0.919755 0.392493 -3.31924e-07 -0.849743 0.392493 -0.351975 -0.920412 0.39095 -2.17603e-07 -0.85035 0.39095 -0.352227 -0.952888 0.303323 -1.41494e-07 -0.880353 0.303323 -0.364655 -0.985423 0.170124 -1.36798e-07 -0.910412 0.170124 -0.377105 -0.923647 0.0224565 -0.382587 -0.999748 0.0224565 8.33082e-08 -0.908121 -0.18391 -0.376156 -0.982943 -0.18391 -4.95065e-09 -0.831862 -0.435061 -0.344569 -0.900401 -0.435061 1.48264e-08 -0.690033 -0.664952 -0.285821 -0.746886 -0.664952 4.17105e-08 -0.517056 -0.828724 -0.214171 -0.559657 -0.828724 1.69266e-08 -0.368084 -0.917207 -0.152465 -0.398411 -0.917207 -5.61627e-17 -0.23923 -0.965893 -0.0990924 -0.258941 -0.965893 1.07415e-08 -0.258941 -0.965893 1.07415e-08 -0.100389 -0.994948 1.84777e-08 -0.0927478 -0.994948 0.0384174 -0.303884 0.944357 0.12587 -0.651663 0.708856 0.269924 -0.829038 0.441335 0.343395 -0.903586 0.208447 0.374275 -0.915013 0.138211 0.37901 -0.910026 0.172524 0.376945 -0.901731 0.217652 0.373509 -0.891536 0.262284 0.369285 -0.87946 0.306347 0.364284 -0.865522 0.349773 0.358511 -0.849743 0.392493 0.351975 -0.85035 0.39095 0.352226 -0.880354 0.303323 0.364655 -0.910412 0.170124 0.377105 -0.923647 0.0224566 0.382587 -0.908121 -0.18391 0.376156 -0.831862 -0.435061 0.344569 -0.690033 -0.664952 0.285821 -0.517056 -0.828724 0.214171 -0.368083 -0.917207 0.152465 -0.23923 -0.965893 0.0990925 -0.23923 -0.965893 0.0990925 -0.232583 0.944358 0.23258 -0.125875 0.944358 0.30388 -0.232583 0.944358 0.23258 -0.498763 0.708856 0.498757 -0.634519 0.441335 0.634514 -0.691576 0.208447 0.691572 -0.700321 0.138211 0.70032 -0.696504 0.172524 0.696504 -0.690155 0.217653 0.690154 -0.682352 0.262283 0.682351 -0.673109 0.306346 0.673109 -0.662442 0.349773 0.662442 -0.650365 0.392493 0.650365 -0.65083 0.39095 0.65083 -0.673793 0.303323 0.673793 -0.696799 0.170124 0.696799 -0.706928 0.0224566 0.706928 -0.695046 -0.18391 0.695046 -0.63668 -0.435061 0.63668 -0.528129 -0.664952 0.528128 -0.395737 -0.828725 0.395737 -0.281719 -0.917207 0.281719 -0.183099 -0.965893 0.183099 -0.070986 -0.994948 0.0709861 -0.183099 -0.965893 0.183099 -0.0384174 -0.994948 0.0927477 -0.125875 0.944358 0.30388 -0.269932 0.708856 0.651659 -0.343402 0.441335 0.829035 -0.37428 0.208447 0.903584 -0.379012 0.138211 0.915012 -0.376946 0.172525 0.910026 -0.37351 0.217653 0.90173 -0.369287 0.262283 0.891535 -0.364284 0.306346 0.879459 -0.358511 0.349773 0.865522 -0.351975 0.392493 0.849743 -0.352227 0.39095 0.85035 -0.364655 0.303323 0.880354 -0.377105 0.170124 0.910412 -0.382587 0.0224565 0.923647 -0.376156 -0.18391 0.908121 -0.344569 -0.43506 0.831862 -0.285821 -0.664952 0.690033 -0.214171 -0.828725 0.517055 -0.152465 -0.917207 0.368083 -0.0990925 -0.965893 0.23923 -0.0990925 -0.965893 0.23923 0.125869 0.944358 0.303883 -2.87537e-06 0.944358 0.32892 -2.87537e-06 0.944358 0.32892 -3.78028e-06 0.708856 0.705353 -3.32101e-06 0.441335 0.897343 -2.72426e-06 0.208447 0.978034 -1.6125e-06 0.138211 0.990403 -1.12331e-06 0.172525 0.985005 -9.73552e-07 0.217653 0.976026 -4.52868e-07 0.262283 0.964991 -3.61171e-07 0.306347 0.95192 -2.64726e-07 0.349773 0.936834 -1.63557e-07 0.392493 0.919755 -1.40233e-07 0.39095 0.920412 -7.31867e-08 0.303323 0.952888 4.88565e-09 0.170124 0.985423 -7.35073e-08 0.0224566 0.999748 1.08914e-07 -0.18391 0.982943 1.35909e-07 -0.43506 0.900401 8.58745e-08 -0.664952 0.746886 7.97969e-08 -0.828725 0.559657 1.66413e-07 -0.917207 0.398411 8.23511e-08 -0.965893 0.258941 8.23511e-08 -0.965893 0.258941 -1.19211e-09 -0.994948 0.10039 0.0384174 -0.994948 0.0927477 -3.78028e-06 0.708856 0.705353 0.125869 0.944358 0.303883 -2.87537e-06 0.944358 0.32892 0.269923 0.708856 0.651663 -3.32101e-06 0.441335 0.897343 0.343395 0.441335 0.829037 -2.72426e-06 0.208447 0.978034 0.374275 0.208448 0.903586 -1.6125e-06 0.138211 0.990403 0.379009 0.138211 0.915013 -1.12331e-06 0.172525 0.985005 0.376945 0.172525 0.910026 -9.73552e-07 0.217653 0.976026 0.373508 0.217653 0.901731 -4.52868e-07 0.262283 0.964991 0.369286 0.262283 0.891536 -3.61171e-07 0.306347 0.95192 0.364284 0.306347 0.87946 -2.64726e-07 0.349773 0.936834 0.358511 0.349773 0.865522 -1.63557e-07 0.392493 0.919755 0.351975 0.392493 0.849743 -1.40233e-07 0.39095 0.920412 0.352226 0.39095 0.85035 -7.31867e-08 0.303323 0.952888 0.364654 0.303323 0.880354 4.88565e-09 0.170124 0.985423 0.377105 0.170124 0.910412 -7.35073e-08 0.0224566 0.999748 0.382587 0.0224567 0.923647 0.376156 -0.18391 0.908121 1.08914e-07 -0.18391 0.982943 0.344569 -0.435061 0.831862 1.35909e-07 -0.43506 0.900401 0.285821 -0.664952 0.690033 8.58745e-08 -0.664952 0.746886 7.97969e-08 -0.828725 0.559657 0.214171 -0.828725 0.517055 1.66413e-07 -0.917207 0.398411 0.152465 -0.917207 0.368083 0.0990925 -0.965893 0.23923 8.23511e-08 -0.965893 0.258941 0.0990925 -0.965893 0.23923 0.232579 0.944358 0.232584 0.303882 0.944357 0.125875 0.232579 0.944358 0.232584 0.498757 0.708856 0.498763 0.634514 0.441335 0.634519 0.691572 0.208448 0.691576 0.70032 0.138211 0.700321 0.696503 0.172525 0.696505 0.690154 0.217653 0.690155 0.682351 0.262283 0.682352 0.673109 0.306346 0.673109 0.662442 0.349773 0.662442 0.650365 0.392493 0.650365 0.650829 0.39095 0.65083 0.673793 0.303323 0.673794 0.696799 0.170124 0.696799 0.706928 0.0224565 0.706928 0.695046 -0.18391 0.695046 0.63668 -0.435061 0.63668 0.528129 -0.664952 0.528128 0.395737 -0.828725 0.395737 0.281719 -0.917207 0.281719 0.183099 -0.965893 0.183099 0.0709862 -0.994948 0.0709861 0.183099 -0.965893 0.183099 0.0927476 -0.994948 0.0384173 0.303882 0.944357 0.125875 0.65166 0.708856 0.269931 0.829035 0.441335 0.343401 0.903584 0.208447 0.374279 0.915012 0.138211 0.379012 0.910026 0.172525 0.376947 0.90173 0.217653 0.37351 0.891535 0.262283 0.369287 0.879459 0.306346 0.364284 0.865522 0.349773 0.358511 0.849742 0.392494 0.351975 0.85035 0.39095 0.352227 0.880354 0.303323 0.364655 0.910412 0.170124 0.377105 0.923647 0.0224563 0.382587 0.908121 -0.18391 0.376156 0.831862 -0.435061 0.344568 0.690033 -0.664952 0.285821 0.517056 -0.828724 0.214171 0.368083 -0.917207 0.152465 0.23923 -0.965893 0.0990924 0.23923 -0.965893 0.0990924 0 5.46756e-08 -1 0 5.46756e-08 -1 0 5.46756e-08 -1 0 5.46756e-08 -1 0 -1.09351e-07 1 0 -1.09351e-07 1 0 -1.09351e-07 1 0 -1.09351e-07 1 0 -1 -6.12323e-17 0 -1 -6.12323e-17 0 -1 -6.12323e-17 0 -1 -6.12323e-17 1 0 0 1 0 0 1 0 0 1 0 0 0 1 6.12323e-17 0 1 6.12323e-17 0 1 6.12323e-17 0 1 6.12323e-17 -1 0 0 -1 0 0 -1 0 0 -1 0 0 -0.707107 3.86801e-08 -0.707107 -0.707107 3.86801e-08 -0.707107 -0.707107 3.86801e-08 -0.707107 -0.707107 3.86801e-08 -0.707107 0.707107 3.86801e-08 -0.707107 0.707107 3.86801e-08 -0.707107 0.707107 3.86801e-08 -0.707107 0.707107 3.86801e-08 -0.707107 0.707115 -7.73593e-08 0.707098 0.707115 -7.73593e-08 0.707098 0.707115 -7.73593e-08 0.707098 0.707115 -7.73593e-08 0.707098 -0.707115 -7.73593e-08 0.707098 -0.707115 -7.73593e-08 0.707098 -0.707115 -7.73593e-08 0.707098 -0.707115 -7.73593e-08 0.707098 0 1 6.12323e-17 0 1 6.12323e-17 0 1 6.12323e-17 0 1 6.12323e-17 0 -1 -6.12323e-17 0 -1 -6.12323e-17 0 -1 -6.12323e-17 0 -1 -6.12323e-17 -0.5 0.616911 -0.6078 -1.96422e-08 0.712347 -0.701827 2.94632e-08 0.712347 -0.701827 -0.500001 0.61691 -0.6078 -0.866024 0.356175 -0.350915 -0.866025 0.356174 -0.350914 -1 -9.821e-09 -2.16062e-07 -1 4.02662e-07 -6.18725e-07 -0.866027 -0.356172 0.350912 -0.866026 -0.356172 0.350912 -0.500001 -0.61691 0.6078 -0.500002 -0.61691 0.6078 4.91051e-08 -0.712347 0.701827 -1.96422e-08 -0.712347 0.701827 0.500001 -0.61691 0.6078 4.91051e-08 -0.712347 0.701827 0.500002 -0.61691 0.6078 -1.96422e-08 -0.712347 0.701827 0.866026 -0.356172 0.350913 0.866027 -0.356172 0.350912 1 1.9642e-07 2.9463e-08 1 6.08904e-07 -3.8302e-07 0.866025 0.356174 -0.350914 0.866024 0.356175 -0.350915 0.500001 0.61691 -0.6078 0.5 0.616911 -0.6078 0 5.46756e-08 -1 0 5.46756e-08 -1 0 5.46756e-08 -1 0 5.46756e-08 -1 0 -1.09351e-07 1 0 -1.09351e-07 1 0 -1.09351e-07 1 0 -1.09351e-07 1 0 -1 -6.12323e-17 0 -1 -6.12323e-17 0 -1 -6.12323e-17 0 -1 -6.12323e-17 1 0 0 1 0 0 1 0 0 1 0 0 0 1 6.12323e-17 0 1 6.12323e-17 0 1 6.12323e-17 0 1 6.12323e-17 -1 0 0 -1 0 0 -1 0 0 -1 0 0 -0.707102 3.86799e-08 -0.707111 -0.707103 3.86799e-08 -0.707111 -0.707103 3.86799e-08 -0.707111 -0.707102 3.86799e-08 -0.707111 0.707102 3.86799e-08 -0.707111 0.707102 3.86799e-08 -0.707111 0.707103 3.86799e-08 -0.707111 0.707103 3.86799e-08 -0.707111 0.707111 -7.73588e-08 0.707103 0.707111 -7.73588e-08 0.707102 0.707111 -7.73588e-08 0.707102 0.707111 -7.73588e-08 0.707103 -0.707111 -7.73588e-08 0.707102 -0.707111 -7.73588e-08 0.707102 -0.707111 -7.73588e-08 0.707103 -0.707111 -7.73588e-08 0.707103 0 1 6.12323e-17 0 1 6.12323e-17 0 1 6.12323e-17 0 1 6.12323e-17 0 -1 -6.12323e-17 0 -1 -6.12323e-17 0 -1 -6.12323e-17 0 -1 -6.12323e-17 -0.500001 0.61691 -0.6078 -1.96422e-08 0.712347 -0.701827 2.94632e-08 0.712347 -0.701827 -0.500002 0.61691 -0.6078 -0.866024 0.356175 -0.350915 -0.866025 0.356174 -0.350914 -1 1.26286e-23 -2.06241e-07 -1 4.02663e-07 -6.08904e-07 -0.866025 -0.356174 0.350914 -0.866025 -0.356174 0.350914 -0.500001 -0.61691 0.6078 -0.500002 -0.61691 0.6078 2.94631e-08 -0.712347 0.701827 -3.92843e-08 -0.712347 0.701827 0.500001 -0.61691 0.6078 2.94631e-08 -0.712347 0.701827 0.500002 -0.61691 0.6078 -3.92843e-08 -0.712347 0.701827 0.866025 -0.356174 0.350914 0.866025 -0.356174 0.350914 1 1.9642e-07 1.20273e-23 1 5.99083e-07 -3.92842e-07 0.866025 0.356174 -0.350914 0.866024 0.356175 -0.350915 0.500002 0.61691 -0.6078 0.500001 0.61691 -0.6078 1 -1.7695e-23 2.88982e-07 0.983883 -0.178811 6.93997e-07 0.939693 2.09427e-17 -0.34202 0.924548 -0.178812 -0.336508 0.766044 3.93594e-17 -0.642787 0.753698 -0.178812 -0.632428 0.499999 5.30288e-17 -0.866026 0.491941 -0.178813 -0.852068 0.173648 6.03021e-17 -0.984808 0.170849 -0.178813 -0.968936 -0.17365 6.03021e-17 -0.984807 -0.170851 -0.178812 -0.968935 -0.5 5.30288e-17 -0.866025 -0.491942 -0.178812 -0.852068 -0.766043 3.93595e-17 -0.642789 -0.753697 -0.178812 -0.632429 -0.939693 2.09427e-17 -0.34202 -0.924548 -0.178812 -0.336508 -0.983883 -0.178811 4.09408e-07 -1 -1.65153e-23 2.69716e-07 -0.939692 -2.09427e-17 0.34202 -0.924548 -0.178811 0.336508 -0.766045 -3.93594e-17 0.642787 -0.753699 -0.178811 0.632428 -0.5 -5.30288e-17 0.866025 -0.491942 -0.178811 0.852068 -0.173648 -6.03021e-17 0.984808 -0.170849 -0.178812 0.968936 -0.173648 -6.03021e-17 0.984808 -0.170849 -0.178812 0.968936 0.173648 -6.03021e-17 0.984808 0.170849 -0.178811 0.968936 0.499999 -5.30288e-17 0.866026 0.491941 -0.178811 0.852068 0.766044 -3.93594e-17 0.642788 0.753699 -0.178811 0.632428 0.939692 -2.09427e-17 0.342021 0.924548 -0.178812 0.336508 0.201919 -0.976641 0.0734928 0.513787 -0.837289 0.187004 0.164606 -0.976641 0.138121 0.418843 -0.837289 0.351451 0.107439 -0.976641 0.18609 0.27338 -0.837288 0.47351 0.0373132 -0.976641 0.211614 0.0949444 -0.837288 0.538455 -0.0949439 -0.837288 0.538455 -0.0373134 -0.976641 0.211614 -0.273381 -0.837288 0.473509 -0.0373134 -0.976641 0.211614 -0.0949439 -0.837288 0.538455 -0.107439 -0.976641 0.18609 -0.418844 -0.837288 0.351452 -0.164606 -0.976641 0.138121 -0.201919 -0.976641 0.0734926 -0.513789 -0.837288 0.187004 -0.546762 -0.837288 1.27043e-07 -0.214878 -0.976641 5.83304e-08 -0.201919 -0.976641 -0.0734927 -0.513789 -0.837288 -0.187003 -0.418844 -0.837288 -0.351453 -0.164606 -0.976641 -0.13812 -0.273382 -0.837287 -0.473511 -0.107439 -0.976641 -0.18609 -0.0949445 -0.837287 -0.538457 -0.0373129 -0.976641 -0.211613 0.0373129 -0.976641 -0.211613 0.0949439 -0.837288 -0.538456 0.107439 -0.976641 -0.18609 0.273382 -0.837287 -0.47351 0.418844 -0.837288 -0.351453 0.164606 -0.976641 -0.13812 0.513789 -0.837288 -0.187003 0.201919 -0.976641 -0.0734927 0.546762 -0.837288 8.03791e-07 0.214878 -0.976641 6.62293e-07 0.983883 -0.178811 6.93997e-07 0.821188 -0.486125 -0.298887 0.924548 -0.178812 -0.336508 0.87389 -0.486124 9.72159e-07 0.669438 -0.486126 -0.561725 0.753698 -0.178812 -0.632428 0.491941 -0.178813 -0.852068 0.436945 -0.486126 -0.75681 0.170849 -0.178813 -0.968936 0.151749 -0.486126 -0.860612 -0.15175 -0.486126 -0.860612 -0.170851 -0.178812 -0.968935 -0.436945 -0.486125 -0.75681 -0.491942 -0.178812 -0.852068 -0.669437 -0.486126 -0.561726 -0.753697 -0.178812 -0.632429 -0.924548 -0.178812 -0.336508 -0.821187 -0.486125 -0.298887 -0.983883 -0.178811 4.09408e-07 -0.873889 -0.486125 4.20859e-07 -0.821188 -0.486125 0.298887 -0.924548 -0.178811 0.336508 -0.669439 -0.486125 0.561725 -0.753699 -0.178811 0.632428 -0.491942 -0.178811 0.852068 -0.436945 -0.486124 0.756811 -0.170849 -0.178812 0.968936 -0.151748 -0.486124 0.860614 -0.151748 -0.486124 0.860614 0.170849 -0.178811 0.968936 -0.170849 -0.178812 0.968936 0.151749 -0.486124 0.860613 0.436944 -0.486124 0.756811 0.491941 -0.178811 0.852068 0.669438 -0.486124 0.561726 0.753699 -0.178811 0.632428 0.924548 -0.178812 0.336508 0.821188 -0.486124 0.298888 0.107439 -0.976641 0.18609 0.0373129 -0.976641 -0.211613 0.201919 -0.976641 0.0734928 0.164606 -0.976641 0.138121 -0.0373134 -0.976641 0.211614 0.0373132 -0.976641 0.211614 -0.107439 -0.976641 0.18609 -0.164606 -0.976641 0.138121 -0.214878 -0.976641 5.83304e-08 -0.201919 -0.976641 0.0734926 -0.164606 -0.976641 -0.13812 -0.201919 -0.976641 -0.0734927 -0.0373129 -0.976641 -0.211613 -0.107439 -0.976641 -0.18609 0.164606 -0.976641 -0.13812 0.201919 -0.976641 -0.0734927 0.107439 -0.976641 -0.18609 0.214878 -0.976641 6.62293e-07 0.691374 -0.677259 -0.25164 0.735745 -0.677258 6.96145e-07 0.563613 -0.677259 -0.472928 0.367873 -0.677258 -0.637174 0.127761 -0.677258 -0.724568 -0.127762 -0.677258 -0.724568 -0.367872 -0.677258 -0.637175 -0.563613 -0.677258 -0.472928 -0.691374 -0.677259 -0.25164 -0.735745 -0.677258 2.00625e-07 -0.691374 -0.677259 0.25164 -0.563614 -0.677259 0.472927 -0.367873 -0.677259 0.637173 -0.12776 -0.677259 0.724567 0.12776 -0.677259 0.724567 -0.12776 -0.677259 0.724567 0.367872 -0.677259 0.637174 0.563613 -0.677259 0.472928 0.691374 -0.677259 0.25164 1 -8.25767e-23 1.34858e-06 1 -8.25767e-23 1.34858e-06 0.939694 2.09425e-17 -0.342017 0.939694 2.09425e-17 -0.342017 0.766047 3.93592e-17 -0.642784 0.766047 3.93592e-17 -0.642784 0.499999 5.30288e-17 -0.866026 0.499999 5.30288e-17 -0.866026 0.173646 6.03021e-17 -0.984808 0.173646 6.03021e-17 -0.984808 -0.173646 6.03021e-17 -0.984808 -0.173646 6.03021e-17 -0.984808 -0.499999 5.30288e-17 -0.866026 -0.499999 5.30288e-17 -0.866026 -0.766047 3.93592e-17 -0.642784 -0.766047 3.93592e-17 -0.642784 -0.939694 2.09425e-17 -0.342017 -0.939694 2.09425e-17 -0.342017 -1 -8.25767e-23 1.34858e-06 -1 -8.25767e-23 1.34858e-06 -0.939694 -2.09426e-17 0.342018 -0.939694 -2.09426e-17 0.342018 -0.766047 -3.93592e-17 0.642784 -0.766047 -3.93592e-17 0.642784 -0.499999 -5.30288e-17 0.866026 -0.499999 -5.30288e-17 0.866026 -0.173646 -6.03021e-17 0.984808 -0.173646 -6.03021e-17 0.984808 -0.173646 -6.03021e-17 0.984808 -0.173646 -6.03021e-17 0.984808 0.173646 -6.03021e-17 0.984808 0.173646 -6.03021e-17 0.984808 0.499999 -5.30288e-17 0.866026 0.499999 -5.30288e-17 0.866026 0.766047 -3.93592e-17 0.642784 0.766047 -3.93592e-17 0.642784 0.939694 -2.09426e-17 0.342018 0.939694 -2.09426e-17 0.342018 0 -1 -6.12323e-17 0 -1 -6.12323e-17 0 -1 -6.12323e-17 0 -1 -6.12323e-17 0 1 6.12323e-17 0 1 6.12323e-17 0 1 6.12323e-17 0 1 6.12323e-17 0 -6.12323e-17 1 0 -6.12323e-17 1 0 -6.12323e-17 1 0 -6.12323e-17 1 1 0 0 1 0 0 1 0 0 1 0 0 0 6.12323e-17 -1 0 6.12323e-17 -1 0 6.12323e-17 -1 0 6.12323e-17 -1 -1 0 0 -1 0 0 -1 0 0 -1 0 0 -0.707105 -0.707109 -4.32979e-17 -0.707105 -0.707109 -4.32979e-17 -0.707105 -0.707109 -4.32979e-17 -0.707105 -0.707109 -4.32979e-17 0.707105 -0.707109 -4.32979e-17 0.707105 -0.707109 -4.32979e-17 0.707105 -0.707109 -4.32979e-17 0.707105 -0.707109 -4.32979e-17 0.707105 0.707109 4.32979e-17 0.707105 0.707109 4.32979e-17 0.707105 0.707109 4.32979e-17 0.707105 0.707109 4.32979e-17 -0.707105 0.707109 4.32979e-17 -0.707105 0.707109 4.32979e-17 -0.707105 0.707109 4.32979e-17 -0.707105 0.707109 4.32979e-17 0 6.12323e-17 -1 0 6.12323e-17 -1 0 6.12323e-17 -1 0 6.12323e-17 -1 0 -6.12323e-17 1 0 -6.12323e-17 1 0 -6.12323e-17 1 0 -6.12323e-17 1 0 -1 -6.12323e-17 0 -1 -6.12323e-17 0 -1 -6.12323e-17 0 -1 -6.12323e-17 0 1 6.12323e-17 0 1 6.12323e-17 0 1 6.12323e-17 0 1 6.12323e-17 0 -6.12323e-17 1 0 -6.12323e-17 1 0 -6.12323e-17 1 0 -6.12323e-17 1 1 0 0 1 0 0 1 0 0 1 0 0 0 6.12323e-17 -1 0 6.12323e-17 -1 0 6.12323e-17 -1 0 6.12323e-17 -1 -1 0 0 -1 0 0 -1 0 0 -1 0 0 -0.707107 -0.707107 -4.32978e-17 -0.707107 -0.707107 -4.32978e-17 -0.707107 -0.707107 -4.32978e-17 -0.707107 -0.707107 -4.32978e-17 0.707107 -0.707107 -4.32978e-17 0.707107 -0.707107 -4.32978e-17 0.707107 -0.707107 -4.32978e-17 0.707107 -0.707107 -4.32978e-17 0.707107 0.707107 4.32978e-17 0.707107 0.707107 4.32978e-17 0.707107 0.707107 4.32978e-17 0.707107 0.707107 4.32978e-17 -0.707107 0.707107 4.32978e-17 -0.707107 0.707107 4.32978e-17 -0.707107 0.707107 4.32978e-17 -0.707107 0.707107 4.32978e-17 0 6.12323e-17 -1 0 6.12323e-17 -1 0 6.12323e-17 -1 0 6.12323e-17 -1 0 -6.12323e-17 1 0 -6.12323e-17 1 0 -6.12323e-17 1 0 -6.12323e-17 1 0 -1 -6.12323e-17 0 -1 -6.12323e-17 0 -1 -6.12323e-17 0 -1 -6.12323e-17 0 1 6.12323e-17 0 1 6.12323e-17 0 1 6.12323e-17 0 1 6.12323e-17 1 0 0 1 0 0 1 0 0 1 0 0 1 0 0 1 0 0 1 0 0 1 0 0 -4.69857e-08 6.12323e-17 -1 -4.69857e-08 6.12323e-17 -1 -4.69857e-08 6.12323e-17 -1 -4.69857e-08 6.12323e-17 -1 -1 0 0 -1 0 0 -1 0 0 -1 0 0 -1 0 0 -1 0 0 -1 0 0 -1 0 0 4.69857e-08 -6.12323e-17 1 4.69857e-08 -6.12323e-17 1 4.69857e-08 -6.12323e-17 1 4.69857e-08 -6.12323e-17 1 3.32713e-08 -0.707107 0.707107 3.32713e-08 -0.707107 0.707107 3.32713e-08 -0.707107 0.707107 3.32713e-08 -0.707107 0.707107 -3.32713e-08 -0.707107 -0.707107 -3.32713e-08 -0.707107 -0.707107 -3.32713e-08 -0.707107 -0.707107 -3.32713e-08 -0.707107 -0.707107 -3.32713e-08 0.707107 -0.707107 -3.32713e-08 0.707107 -0.707107 -3.32713e-08 0.707107 -0.707107 -3.32713e-08 0.707107 -0.707107 3.32713e-08 0.707107 0.707107 3.32713e-08 0.707107 0.707107 3.32713e-08 0.707107 0.707107 3.32713e-08 0.707107 0.707107 0 -1 -6.12323e-17 0 -1 -6.12323e-17 0 -1 -6.12323e-17 0 -1 -6.12323e-17 0 1 6.12323e-17 0 1 6.12323e-17 0 1 6.12323e-17 0 1 6.12323e-17 1 0 0 1 0 0 1 0 0 1 0 0 0 6.12323e-17 -1 0 6.12323e-17 -1 0 6.12323e-17 -1 0 6.12323e-17 -1 -1 0 0 -1 0 0 -1 0 0 -1 0 0 0 -6.12323e-17 1 0 -6.12323e-17 1 0 -6.12323e-17 1 0 -6.12323e-17 1 0 -0.70711 0.707104 0 -0.70711 0.707104 0 -0.70711 0.707104 0 -0.70711 0.707104 0 -0.70711 -0.707104 0 -0.70711 -0.707104 0 -0.70711 -0.707104 0 -0.70711 -0.707104 0 0.70711 -0.707104 0 0.70711 -0.707104 0 0.70711 -0.707104 0 0.70711 -0.707104 0 0.70711 0.707104 0 0.70711 0.707104 0 0.70711 0.707104 0 0.70711 0.707104 -1 0 0 -1 0 0 -1 0 0 -1 0 0 1 0 0 1 0 0 1 0 0 1 0 0 0 -1 -6.12323e-17 0 -1 -6.12323e-17 0 -1 -6.12323e-17 0 -1 -6.12323e-17 0 1 6.12323e-17 0 1 6.12323e-17 0 1 6.12323e-17 0 1 6.12323e-17 0 -6.12323e-17 1 0 -6.12323e-17 1 0 -6.12323e-17 1 0 -6.12323e-17 1 1 0 0 1 0 0 1 0 0 1 0 0 0 6.12323e-17 -1 0 6.12323e-17 -1 0 6.12323e-17 -1 0 6.12323e-17 -1 -1 0 0 -1 0 0 -1 0 0 -1 0 0 -0.7071 -0.707113 -4.32982e-17 -0.7071 -0.707113 -4.32982e-17 -0.7071 -0.707113 -4.32982e-17 -0.7071 -0.707113 -4.32982e-17 0.707109 -0.707105 -4.32977e-17 0.707109 -0.707105 -4.32977e-17 0.707109 -0.707105 -4.32977e-17 0.707109 -0.707105 -4.32977e-17 0.707109 0.707105 4.32977e-17 0.707109 0.707105 4.32977e-17 0.707109 0.707105 4.32977e-17 0.707109 0.707105 4.32977e-17 -0.7071 0.707113 4.32982e-17 -0.7071 0.707113 4.32982e-17 -0.7071 0.707113 4.32982e-17 -0.7071 0.707113 4.32982e-17 0 6.12323e-17 -1 0 6.12323e-17 -1 0 6.12323e-17 -1 0 6.12323e-17 -1 0 -6.12323e-17 1 0 -6.12323e-17 1 0 -6.12323e-17 1 0 -6.12323e-17 1 </float_array>
          <technique_common>
            <accessor count="1072" offset="0" source="#meshId0-normals-array" stride="3">
              <param name="X" type="float" />
              <param name="Y" type="float" />
              <param name="Z" type="float" />
            </accessor>
          </technique_common>
        </source>
        <source id="meshId0-tangents" name="meshId0-tangents">
          <float_array id="meshId0-tangents-array" count="3216"> 0 6.12323e-17 -1 0 6.12323e-17 -1 0 6.12323e-17 -1 0 6.12323e-17 -1 0 -6.12323e-17 1 1.39655e-07 -6.12323e-17 1 1.37958e-08 -6.12323e-17 1 1.5345e-07 -6.12323e-17 1 1 0 0 1 0 0 1 0 0 1 0 0 0 0 -1 0 0 -1 0 0 -1 0 0 -1 -1 0 0 -1 0 0 -1 0 0 -1 0 0 0 0 1 0 0 1 0 0 1 0 0 1 -3.06162e-17 -3.06164e-17 1 -3.06162e-17 -3.06164e-17 1 -3.06162e-17 -3.06164e-17 1 -3.06162e-17 -3.06164e-17 1 -3.06162e-17 3.06162e-17 -1 -3.06162e-17 3.06162e-17 -1 -3.06162e-17 3.06162e-17 -1 -3.06162e-17 3.06162e-17 -1 3.06162e-17 3.06162e-17 -1 3.06162e-17 3.06162e-17 -1 3.06162e-17 3.06162e-17 -1 3.06162e-17 3.06162e-17 -1 3.06162e-17 -3.06164e-17 1 3.06162e-17 -3.06164e-17 1 3.06162e-17 -3.06164e-17 1 3.06162e-17 -3.06164e-17 1 -1 0 0 -1 0 0 -1 0 0 -1 0 0 1 0 0 1 0 0 1 0 0 1 0 0 0.201611 -0.19287 -0.960289 0.205082 -0.204063 -0.957235 -0.00367828 -0.352902 -0.935653 0.291644 -0.101577 -0.951118 0.0965667 -0.196335 -0.97577 -0.22803 -0.293895 -0.928239 0.0294991 -0.138393 -0.989938 -0.338029 -0.189813 -0.921796 0.00959774 -0.0687594 -0.997587 -0.363575 -0.124612 -0.923193 0.0139004 -0.0793531 -0.99675 -0.352449 -0.156713 -0.922616 0.0219997 -0.0986502 -0.994879 -0.334296 -0.196735 -0.921706 0.0327396 -0.120453 -0.992179 -0.311591 -0.236595 -0.92029 0.0448846 -0.139469 -0.989209 -0.287265 -0.268616 -0.919415 0.0561367 -0.150355 -0.987037 -0.266569 -0.284303 -0.92093 0.0630639 -0.147781 -0.987007 -0.256817 -0.274887 -0.926543 0.0551689 -0.129884 -0.989993 -0.278757 -0.233055 -0.931655 0.0303559 -0.0953627 -0.99498 -0.332038 -0.154901 -0.93046 0.00682229 -0.0395161 -0.999196 -0.375226 -0.0443237 -0.925873 -0.00145474 0.0647621 -0.9979 -0.383242 0.0498534 -0.922302 -0.347531 0.169998 -0.92213 0.0333438 0.178213 -0.983427 -0.219903 0.311656 -0.924399 0.117538 0.243257 -0.962814 0.00217223 0.396803 -0.917901 0.229274 0.257525 -0.938677 0.324099 0.218872 -0.920356 0.196703 0.358561 -0.912547 0.318784 0.278529 -0.905979 0.396805 0.172362 -0.901575 0.422972 0.113392 -0.89902 0.382276 0.187508 -0.904823 0.99494 0.100389 -0.00394023 0.970839 0.239583 0.00849635 0.965886 0.258939 -0.00392995 0.995682 0.0928249 -0.000228317 0.944358 -0.328919 1.81487e-05 0.972577 -0.225832 0.0556318 0.992046 -0.119817 0.038581 0.952709 -0.301202 0.0402851 -0.683724 0.39488 -0.61367 -0.89853 0.117119 -0.422998 -0.847748 0.20775 -0.488021 -0.829909 0.224614 -0.510686 -0.518074 0.375069 -0.768715 -0.761305 0.215169 -0.611651 -0.421897 0.28127 -0.861911 -0.722173 0.181292 -0.667532 -0.400941 0.207505 -0.892294 -0.713752 0.149845 -0.684181 -0.408161 0.213863 -0.887506 -0.71746 0.151884 -0.67984 -0.420284 0.239109 -0.875322 -0.722992 0.166371 -0.670525 -0.43623 0.277719 -0.855906 -0.729616 0.186448 -0.65795 -0.45391 0.309489 -0.835573 -0.736726 0.198398 -0.646431 -0.470847 0.324101 -0.820525 -0.743098 0.194984 -0.640146 -0.483707 0.314907 -0.816615 -0.746307 0.170551 -0.643381 -0.473619 0.27691 -0.836066 -0.738239 0.125723 -0.662719 -0.434102 0.205442 -0.877126 -0.719543 0.0618821 -0.691686 -0.396601 0.0995248 -0.91258 -0.704112 -0.0229598 -0.709718 -0.380052 -0.0749211 -0.921926 -0.702984 -0.087745 -0.705772 -0.718804 -0.157242 -0.677197 -0.414464 -0.267245 -0.869943 -0.763965 -0.243595 -0.59751 -0.521535 -0.400532 -0.753376 -0.832161 -0.28144 -0.477808 -0.674974 -0.448648 -0.585769 -0.897267 -0.257073 -0.358922 -0.813432 -0.397859 -0.424306 -0.936895 -0.199606 -0.287028 -0.893363 -0.303424 -0.331416 -0.958792 -0.134292 -0.250366 -0.936393 -0.202518 -0.286625 0.982881 0.183738 0.0136183 0.997464 0.0711725 -9.6528e-05 0.999252 0.038655 -0.000765104 -0.965078 0.0456298 -0.257957 -0.95199 0.0949717 -0.291026 -0.937213 0.103794 -0.332955 -0.927304 0.0891179 -0.363546 -0.925111 0.0809504 -0.370968 -0.926207 0.0778863 -0.368883 -0.927578 0.0777705 -0.365445 -0.929015 0.0798016 -0.361334 -0.930493 0.0807306 -0.357302 -0.93172 0.0764362 -0.355042 -0.932106 0.0641578 -0.356457 -0.929954 0.0438182 -0.365055 -0.925604 0.0151127 -0.378191 -0.922021 -0.0239915 -0.386397 -0.920441 -0.0773978 -0.383141 -0.92499 -0.131494 -0.356514 -0.938761 -0.160044 -0.305145 -0.956926 -0.159748 -0.24243 -0.972862 -0.13351 -0.188986 -0.982379 -0.0999107 -0.157952 -0.988088 -0.0670646 -0.138506 0.994944 0.10012 0.00788589 1 -1.90714e-06 3.24333e-06 0.992047 0.119824 -0.0385389 -0.99949 -0.0105013 -0.030159 -0.999673 -0.0180274 -0.018123 -0.999683 -0.0226073 -0.0111235 -0.9996 -0.0276407 -0.00589403 -0.999998 0.00182277 0.000252366 -0.999997 -0.00254199 -0.000446447 -0.999957 -0.00902758 -0.00201376 -0.999874 -0.0152953 -0.00415787 -0.999771 -0.0203807 -0.00655936 -0.999665 -0.0242512 -0.00905462 -0.999567 -0.0270508 -0.0115438 -0.999488 -0.0294599 -0.0125134 -0.999424 -0.0323513 -0.0102981 -0.999365 -0.035105 -0.00606054 -0.999349 -0.0360732 -0.000810396 -0.999351 -0.0354028 0.00662386 -0.999356 -0.0323096 0.0156116 -0.999351 -0.0268983 0.0239475 -0.999293 -0.0210382 0.0311527 -0.99923 -0.0156278 0.0359778 -0.999155 -0.0106434 0.0397019 0.999994 0.0009112 -0.00339913 0.999994 0.00034025 -0.00337311 0.999254 -0.0378923 -0.00741674 -0.977435 -0.0656717 0.20077 -0.957988 -0.129554 0.255879 -0.939073 -0.147297 0.310558 -0.925888 -0.138095 0.351655 -0.925229 -0.0751801 0.371885 -0.926125 -0.0854251 0.367417 -0.927542 -0.100803 0.359868 -0.929249 -0.115757 0.350852 -0.931269 -0.125951 0.34187 -0.933505 -0.128182 0.334869 -0.935585 -0.120181 0.33202 -0.934841 -0.103458 0.339659 -0.930345 -0.0795528 0.357952 -0.925889 -0.0450234 0.375103 -0.923785 0.00778534 0.382834 -0.926492 0.0631313 0.37098 -0.936492 0.0977211 0.3368 -0.950927 0.107761 0.290043 -0.963858 0.0934284 0.249498 -0.971212 0.0700722 0.227679 -0.975164 0.0464037 0.216571 0.995043 -0.0982062 -0.0156521 0.95271 0.301221 -0.0401314 0.972577 0.225853 -0.0555325 -0.920491 -0.136527 0.366137 -0.840359 -0.254591 0.478519 -0.765632 -0.246502 0.594175 -0.722304 -0.201981 0.661423 -0.713829 -0.135216 0.687142 -0.717553 -0.168814 0.675736 -0.723655 -0.203346 0.659525 -0.730968 -0.233142 0.641351 -0.739211 -0.251422 0.624783 -0.747566 -0.251851 0.614587 -0.753963 -0.229224 0.615627 -0.748348 -0.185754 0.636766 -0.729031 -0.124205 0.673117 -0.711505 -0.0410605 0.70148 -0.706568 0.0225617 0.707285 -0.716266 0.0934323 0.691544 -0.755222 0.184963 0.628831 -0.818318 0.232428 0.525675 -0.880566 0.220059 0.419735 -0.918923 0.173435 0.354261 -0.940014 0.117482 0.320268 0.997469 -0.0705142 -0.009132 0.982991 -0.182574 -0.0198666 0.995685 -0.0925575 -0.00670834 -0.86655 -0.219072 0.448439 -0.695459 -0.416323 0.585672 -0.524748 -0.401785 0.750472 -0.422343 -0.286914 0.859829 -0.399377 -0.177569 0.899426 -0.408861 -0.223382 0.884835 -0.424089 -0.277793 0.861963 -0.442138 -0.326841 0.835278 -0.461754 -0.36345 0.809127 -0.480884 -0.380118 0.790102 -0.496354 -0.370603 0.785038 -0.487185 -0.331911 0.807766 -0.44478 -0.260856 0.856811 -0.402677 -0.155357 0.902062 -0.382281 0.0167829 0.923894 -0.410441 0.21337 0.886573 -0.509382 0.352071 0.785223 -0.656692 0.40915 0.633523 -0.792826 0.369381 0.484752 -0.872474 0.284034 0.397636 -0.915622 0.190455 0.354067 0.970923 -0.238897 -0.0153899 0.944358 0.328919 6.20994e-06 0.952709 0.30122 0.0401553 0.00562518 0.360375 0.93279 0.289902 0.100976 0.951715 0.207695 0.194611 0.958639 0.209218 0.208191 0.95545 0.102222 0.207853 0.972804 -0.219903 0.307319 0.92585 0.0328469 0.154134 0.987504 -0.333475 0.206225 0.919927 0.0122083 0.0874966 0.99609 -0.360135 0.143555 0.921789 0.0172066 0.0982461 0.995013 -0.348111 0.17572 0.920837 0.0261938 0.117466 0.992731 -0.328838 0.215511 0.919468 0.0377965 0.139063 0.989562 -0.305055 0.254981 0.917565 0.0507786 0.157787 0.986167 -0.279761 0.286489 0.916328 0.0628525 0.168346 0.983722 -0.258261 0.301635 0.917779 0.070582 0.1654 0.983698 -0.247972 0.291611 0.923836 0.062605 0.147391 0.987095 -0.27051 0.249374 0.929858 0.0360617 0.113288 0.992907 -0.326102 0.171217 0.9297 0.0100057 0.0579572 0.998269 -0.372301 0.0605606 0.926134 -0.38317 -0.0342852 0.923041 -0.00104478 -0.0465162 0.998917 -0.351302 -0.15415 0.923485 0.0300815 -0.160777 0.986532 -0.228536 -0.297248 0.927046 0.109967 -0.227586 0.967529 -0.0259398 -0.371928 0.927899 0.217585 -0.244395 0.944948 0.17522 -0.347394 0.921203 0.320341 -0.216334 0.92227 0.298389 -0.27183 0.914917 0.382806 -0.166281 0.908741 0.363929 -0.183814 0.913109 0.414086 -0.11101 0.903443 0.965886 -0.258939 -0.00393558 0.994941 -0.100389 -0.00396233 0.995676 -0.0928811 -0.00169626 0.452697 0.0268803 0.891259 0.43151 0.0537934 0.900503 0.406486 0.0539133 0.912065 0.391114 0.0448751 0.919248 0.385811 0.0252339 0.922233 0.387196 0.0289112 0.921544 0.389702 0.0352809 0.920265 0.392812 0.0417662 0.91867 0.395935 0.0460787 0.917122 0.398147 0.04618 0.916158 0.398281 0.0405032 0.916369 0.393992 0.0293123 0.918646 0.38639 0.0127202 0.922248 0.380991 -0.0104771 0.924519 0.381931 -0.0286608 0.923746 0.390289 -0.0464762 0.919519 0.411975 -0.0680699 0.908649 0.444447 -0.0776089 0.892437 0.477394 -0.0715239 0.875774 0.490938 -0.0524639 0.869613 0.501214 -0.035439 0.864598 0.970846 -0.239533 0.00900648 0.972576 0.225834 0.0556234 0.992046 0.119824 0.0385574 0.627945 -0.036803 0.777387 0.652903 -0.0711899 0.754089 0.678628 -0.0748037 0.730663 0.69528 -0.0673286 0.715578 0.70131 -0.0497038 0.711121 0.699699 -0.051887 0.712551 0.697001 -0.0565521 0.714837 0.693844 -0.0615209 0.717492 0.690771 -0.0646178 0.720181 0.688632 -0.0637677 0.722302 0.688445 -0.0572927 0.723022 0.692493 -0.0457475 0.719973 0.700122 -0.0295228 0.713413 0.706255 -0.00683746 0.707924 0.70724 0.0111453 0.706886 0.702827 0.0298793 0.710733 0.687669 0.0532656 0.724067 0.664577 0.0634909 0.744517 0.640408 0.0598304 0.765701 0.623806 0.0480065 0.780103 0.616379 0.0323033 0.786787 0.997461 -0.0712128 -0.000665614 0.982872 -0.183814 0.0132079 0.99925 -0.0386979 -0.00122715 0.744478 -0.112533 0.658095 0.799673 -0.211942 0.561786 0.860784 -0.205182 0.465781 0.89709 -0.165364 0.409737 0.911544 -0.114654 0.394894 0.907691 -0.126813 0.40002 0.901145 -0.145476 0.408381 0.892962 -0.165553 0.418582 0.884628 -0.181339 0.429592 0.87861 -0.18688 0.439454 0.878015 -0.176138 0.445044 0.887688 -0.148345 0.435894 0.905681 -0.104044 0.410994 0.920537 -0.0394051 0.388663 0.923718 0.0301955 0.381882 0.910897 0.106032 0.398779 0.87165 0.180752 0.455582 0.809637 0.217637 0.545089 0.740841 0.20718 0.63893 0.714612 0.154961 0.682142 0.690455 0.106381 0.71551 0.994943 -0.100134 0.00782977 0.992047 -0.119819 -0.0385545 1 3.6469e-06 -1.72871e-06 0.793636 -0.20011 0.574541 0.843734 -0.378604 0.380489 0.915146 -0.361737 0.177914 0.964419 -0.258569 0.0551113 0.98575 -0.166604 0.0232513 0.981464 -0.188775 0.0330652 0.973478 -0.223295 0.0497955 0.963009 -0.260035 0.0706776 0.951763 -0.292083 0.0939983 0.94296 -0.311877 0.116442 0.940836 -0.311669 0.133001 0.950967 -0.284677 0.120918 0.971679 -0.225171 0.0716763 0.991071 -0.131395 0.0226841 0.999668 0.0257429 -0.000578191 0.977594 0.206908 0.0387125 0.92778 0.335965 0.162333 0.865526 0.374088 0.33305 0.785963 0.346021 0.512379 0.739074 0.268379 0.617853 0.715731 0.180838 0.674556 0.999991 -0.00107057 -0.00399371 0.999991 -0.000426142 -0.00422343 0.999253 0.0378634 -0.00772687 0.831286 0.39207 -0.394012 0.73886 0.115169 -0.663944 0.780607 0.205584 -0.590244 0.790008 0.223882 -0.570757 0.908388 0.375205 -0.184532 0.854066 0.220472 -0.47113 0.959598 0.275194 -0.0586491 0.892716 0.182701 -0.411919 0.982306 0.185488 -0.0258833 0.908338 0.133396 -0.396393 0.977522 0.207674 -0.0363731 0.903977 0.145576 -0.402037 0.968776 0.241993 -0.0539632 0.896727 0.164088 -0.411042 0.957503 0.278326 -0.0756481 0.887822 0.183894 -0.421848 0.945561 0.309798 -0.0996986 0.87884 0.199359 -0.433471 0.936348 0.328898 -0.122796 0.872353 0.204578 -0.444014 0.934295 0.327893 -0.139924 0.871603 0.1935 -0.450406 0.945242 0.300396 -0.127594 0.881859 0.165675 -0.441447 0.967501 0.240955 -0.0767005 0.901442 0.121888 -0.415385 0.988755 0.147367 -0.0254415 0.918471 0.057792 -0.391243 0.999958 -0.00911434 0.000204823 0.923918 -0.0112048 -0.382427 0.913858 -0.0880693 -0.396368 0.980842 -0.191479 -0.035826 0.877922 -0.164474 -0.449667 0.933775 -0.322218 -0.155691 0.820896 -0.201608 -0.534307 0.874041 -0.362876 -0.323068 0.805215 -0.331867 -0.49142 0.753685 -0.196522 -0.627167 0.752218 -0.262518 -0.604361 0.720156 -0.151962 -0.676966 0.7071 -0.100805 -0.699892 0.727754 -0.177592 -0.662447 0.995046 0.0981107 -0.0160397 0.972578 -0.225838 -0.0555894 0.95271 -0.30122 -0.0401396 0.613912 0.0429298 -0.788206 0.643143 0.0830903 -0.761225 0.672264 0.0899559 -0.734826 0.691738 0.0844603 -0.717192 0.698685 0.0682952 -0.712162 0.696542 0.0706159 -0.714032 0.693156 0.0751629 -0.716858 0.6893 0.0799934 -0.720047 0.685536 0.0829665 -0.723296 0.682745 0.0820002 -0.726041 0.682 0.0753319 -0.727462 0.686211 0.0638944 -0.724591 0.695276 0.0484908 -0.717105 0.703586 0.0267159 -0.710108 0.706931 0.00920427 -0.707223 0.705685 -0.0104437 -0.708449 0.694294 -0.0358576 -0.718797 0.673018 -0.0514776 -0.737833 0.648832 -0.0526589 -0.759107 0.638963 -0.0396985 -0.768212 0.63598 -0.0256478 -0.771279 0.997474 0.070618 -0.00768629 0.983002 0.182431 -0.0206335 0.995681 0.0925192 -0.00768407 0.438036 -0.021164 -0.898708 0.423066 -0.0443013 -0.905015 0.400512 -0.0400687 -0.915415 0.388122 -0.0284301 -0.92117 0.383539 -0.00669764 -0.9235 0.384315 -0.0101996 -0.923146 0.386055 -0.0166301 -0.922326 0.388411 -0.0232505 -0.921193 0.390753 -0.0276824 -0.920079 0.392134 -0.0278885 -0.919485 0.391383 -0.0223523 -0.919956 0.386982 -0.0110234 -0.922021 0.38081 0.00634269 -0.924632 0.377653 0.0303965 -0.925448 0.381209 0.0489403 -0.923193 0.393199 0.0657981 -0.917096 0.419096 0.0854374 -0.903913 0.453723 0.0897381 -0.886613 0.486432 0.0786099 -0.870175 0.507282 0.0606808 -0.859641 0.522972 0.0421917 -0.851305 0.970931 0.238803 -0.0163279 1.41984e-07 1 5.46756e-08 1.40259e-08 1 5.46756e-08 1.5601e-07 1 5.46756e-08 0 1 5.46756e-08 0 -1 -1.09351e-07 1.39655e-07 -1 -1.09351e-07 1.37958e-08 -1 -1.09351e-07 1.53451e-07 -1 -1.09351e-07 1 0 0 1 0 0 1 0 0 1 0 0 0 1 1.19555e-07 0 1 2.9716e-09 0 1 0 0 1 1.22527e-07 -1 0 0 -1 0 0 -1 0 0 -1 0 0 0 -1 -2.9716e-09 0 -1 -1.22527e-07 0 -1 -1.19555e-07 0 -1 0 -2.72251e-08 -1 -2.74768e-08 3.21332e-09 -1 -5.79152e-08 -2.7351e-08 -1 -2.7351e-08 3.33915e-09 -1 -5.80411e-08 -2.7351e-08 1 2.7351e-08 3.15508e-09 1 5.7857e-08 -2.72254e-08 1 2.74766e-08 3.28068e-09 1 5.79826e-08 -6.56135e-09 1 1.15965e-07 -6.56135e-09 1 1.15965e-07 -6.56135e-09 1 1.15965e-07 -6.56135e-09 1 1.15965e-07 -6.4941e-09 -1 -1.15898e-07 -6.4941e-09 -1 -1.15898e-07 -6.4941e-09 -1 -1.15898e-07 -6.4941e-09 -1 -1.15898e-07 -1 0 0 -1 0 0 -1 0 0 -1 0 0 1 0 0 1 0 0 1 0 0 1 0 0 -0.866025 -0.356173 0.350915 -1 5.505e-06 5.6129e-06 -1 4.8826e-06 4.91345e-06 -0.866025 -0.356174 0.350915 -0.500002 -0.616914 0.607795 -0.500001 -0.616912 0.607798 -1.54268e-07 -0.712353 0.701822 -7.09634e-07 -0.712357 0.701817 0.499998 -0.616917 0.607796 0.499998 -0.616918 0.607794 0.866025 -0.356174 0.350915 0.866024 -0.356174 0.350916 1 1.19729e-05 1.20806e-05 1 4.04182e-06 4.16524e-06 0.866025 0.356174 -0.350916 1 -1.58767e-05 -1.61846e-05 0.866024 0.356165 -0.350925 1 -4.07268e-06 -4.13439e-06 0.499998 0.616911 -0.607802 0.499998 0.616916 -0.607796 -1.23415e-07 0.712346 -0.701829 -7.09634e-07 0.712342 -0.701832 -0.500001 0.616896 -0.607815 -0.500002 0.616901 -0.607809 -0.866025 0.356177 -0.350911 -0.866025 0.356171 -0.350916 0 1 5.46756e-08 0 1 5.46756e-08 0 1 5.46756e-08 0 1 5.46756e-08 0 -1 -1.09351e-07 0 -1 -1.09351e-07 0 -1 -1.09351e-07 0 -1 -1.09351e-07 1 0 0 1 0 0 1 0 0 1 0 0 0 1 1.19555e-07 0 1 2.9716e-09 0 1 0 0 1 1.22527e-07 -1 0 0 -1 0 0 -1 0 0 -1 0 0 0 -1 -2.9716e-09 0 -1 -1.22527e-07 0 -1 -1.19555e-07 0 -1 0 3.281e-09 -1 -5.79822e-08 -2.7225e-08 -1 -2.74766e-08 3.1554e-09 -1 -5.78566e-08 -2.73506e-08 -1 -2.7351e-08 3.1554e-09 1 5.78566e-08 -2.7225e-08 1 2.74766e-08 -2.73506e-08 1 2.7351e-08 3.28101e-09 1 5.79822e-08 -6.56202e-09 1 1.15965e-07 -6.56201e-09 1 1.15965e-07 -6.56201e-09 1 1.15965e-07 -6.56202e-09 1 1.15965e-07 -6.49476e-09 -1 -1.15897e-07 -6.49476e-09 -1 -1.15897e-07 -6.49477e-09 -1 -1.15897e-07 -6.49477e-09 -1 -1.15897e-07 -1 0 0 -1 0 0 -1 0 0 -1 0 0 1 0 0 1 0 0 1 0 0 1 0 0 -0.866025 -0.356174 0.350915 -1 5.51268e-06 5.61288e-06 -1 4.88259e-06 4.92116e-06 -0.866024 -0.356174 0.350916 -0.500002 -0.616914 0.607795 -0.500001 -0.616912 0.607798 -1.54268e-07 -0.712353 0.701822 -7.09634e-07 -0.712357 0.701817 0.5 -0.616915 0.607795 0.500001 -0.616917 0.607793 0.866025 -0.356174 0.350915 0.866024 -0.356174 0.350915 1 1.19729e-05 1.20805e-05 1 4.04182e-06 4.13439e-06 0.866025 0.356173 -0.350915 1 -1.58921e-05 -1.61692e-05 0.866025 0.356165 -0.350925 1 -4.10353e-06 -4.07268e-06 0.500001 0.61691 -0.607801 0.5 0.616915 -0.607795 -1.54268e-07 0.712346 -0.701829 -7.09633e-07 0.712342 -0.701832 -0.500001 0.616895 -0.607815 -0.500002 0.616901 -0.607808 -0.866024 0.356178 -0.350911 -0.866025 0.356172 -0.350917 -2.83784e-11 -1 9.81649e-05 -0.178811 -0.983883 0.00010522 3.49022e-05 -1 9.58929e-05 -0.168002 -0.983883 0.0612293 4.09952e-05 -1 4.88562e-05 -0.136962 -0.983883 0.114957 1.39881e-05 -1 8.07602e-06 -0.0894062 -0.983883 0.154856 1.04713e-17 -1 -5.9386e-17 -0.0310505 -0.983883 0.176096 -1.04714e-17 -1 -5.93859e-17 0.0310507 -0.983883 0.176096 -2.65144e-17 -1 -4.59242e-17 0.0894192 -0.983883 0.154848 1.44845e-05 -1 -1.72619e-05 0.137017 -0.983883 0.114892 2.59753e-05 -1 -7.13664e-05 0.168061 -0.983883 0.0610692 0.178811 -0.983883 -9.41531e-05 -2.91038e-11 -1 -0.0001061 -3.21376e-05 -1 -8.82973e-05 0.168005 -0.983883 -0.0612187 -3.45967e-05 -1 -4.12308e-05 0.136965 -0.983883 -0.114953 -1.12411e-05 -1 -6.49004e-06 0.0894058 -0.983883 -0.154855 1.04713e-17 -1 -5.9386e-17 0.0310503 -0.983883 -0.176095 1.04713e-17 -1 -5.9386e-17 0.0310503 -0.983883 -0.176095 -1.04713e-17 -1 -5.9386e-17 -0.0310502 -0.983883 -0.176095 -2.65144e-17 -1 -4.59243e-17 -0.0894171 -0.983883 -0.154848 -1.28125e-05 -1 1.52693e-05 -0.137013 -0.983883 -0.114896 -2.20258e-05 -1 6.05153e-05 -0.168061 -0.983883 -0.0610676 -0.46407 -0.0293254 0.885313 -0.435008 -0.0663773 0.897977 -0.547187 0.0260916 0.836604 -0.564861 0.0628024 0.822793 -0.628285 0.0783666 0.774026 -0.66572 0.190632 0.72144 -0.696215 0.126503 0.706599 -0.720772 0.315268 0.617328 -0.738088 0.422163 0.526312 -0.720339 0.173059 0.671686 0.812367 0.0626333 0.579774 0.82221 0.0903514 0.561968 0.85373 0.209705 0.476623 0.796393 0.0275056 0.604154 0.723982 -0.0742968 0.685806 0.750394 -0.0331106 0.660161 0.663856 -0.0813082 0.743427 0.603583 -0.197878 0.772355 0.480663 -0.313881 0.818805 0.601801 -0.132406 0.787594 0.478453 -0.163838 0.862693 0.357675 -0.40718 0.8404 0.270252 -0.484439 0.832036 0.40432 -0.194534 0.89369 0.198602 -0.530789 0.823906 0.27629 -0.20913 0.938045 0.150571 -0.546756 0.823642 0.17268 -0.214876 0.961254 0.088011 -0.207726 0.97422 0.0935957 -0.530995 0.84219 -0.0349061 -0.190763 0.981015 0.046188 -0.480269 0.875905 -0.044616 -0.405546 0.912985 -0.174634 -0.166674 0.970424 -0.151708 -0.303209 0.940771 -0.247283 -0.123445 0.961047 -0.291353 -0.190257 0.937505 -0.371055 -0.0816379 0.925016 -0.0642005 -0.35325 0.933323 0.0223279 -0.495987 0.868043 0.179973 -0.573482 0.799205 -0.171338 -0.308007 0.935828 0.140546 -0.65962 0.738342 0.311314 -0.750339 0.583159 0.325979 -0.869663 0.370708 0.182158 -0.776122 0.6037 0.204557 -0.955531 0.212408 0.158783 -0.847398 0.50666 0.0927106 -0.873858 0.47726 0.0136705 -0.98373 0.179132 0.0388139 -0.850784 0.524079 -0.126433 -0.953634 0.273123 0.042854 -0.780169 0.624099 -0.160666 -0.88295 0.441118 -0.0884063 -0.758327 0.645852 0.119883 -0.659029 0.742502 0.104132 -0.572966 0.812937 0.279287 -0.502064 0.818492 0.487328 -0.324874 0.810536 0.380061 -0.368606 0.848342 0.688586 -0.122327 0.714763 0.655818 -0.141785 0.741485 0.856439 0.076583 0.510537 0.842964 0.0722525 0.533096 0.955565 0.209686 0.207188 0.92355 0.240496 0.298692 -0.772178 0.601837 0.203797 -0.812438 0.530812 0.241213 -0.767953 0.640274 -0.0172517 -0.779788 0.476155 0.406457 -0.725037 0.307617 0.616192 -0.778888 0.346899 0.522489 -0.592898 0.105949 0.798277 -0.620962 0.121453 0.774374 -0.360473 -0.124028 0.924487 -0.395912 -0.108125 0.9119 0.101556 0.196975 0.975134 0.131265 -0.205136 0.969891 0.101624 0.0955257 0.990226 0.0961242 0.155248 0.983188 0.131271 0.205136 0.96989 0.115379 0.214556 0.969873 0.141364 0.170265 0.975206 0.141077 0.11528 0.983264 0.115258 -0.0253586 0.993012 0.130761 0.0474839 0.990276 0.0961415 -0.15525 0.983186 0.101675 -0.0955358 0.99022 0.115432 -0.214555 0.969867 0.10153 -0.196973 0.975138 0.141054 -0.115284 0.983267 0.130757 -0.047485 0.990277 0.141344 -0.170268 0.975208 0.115258 0.0253595 0.993012 -0.072809 -0.411829 0.908348 -0.23647 -0.25689 0.937064 0.0440442 -0.547072 0.835926 0.109439 -0.648929 0.752937 0.129638 -0.712884 0.689196 0.12401 -0.73573 0.665825 0.125424 -0.715103 0.687675 0.16306 -0.652478 0.740056 0.249265 -0.5505 0.796754 0.386632 -0.42002 0.821035 0.550736 -0.268578 0.790288 0.706783 -0.0990536 0.700462 0.82904 0.0714614 0.554604 0.888052 0.247188 0.387635 -0.751127 0.411002 0.51661 -0.76409 0.532981 0.363453 -0.692278 0.258012 0.67393 -0.577494 0.0863032 0.81182 -0.41622 -0.0886619 0.904931 -1.34666e-06 -8.40564e-29 1 -1.34666e-06 -7.6335e-29 1 0.342017 -6.18754e-24 0.939694 0.342017 -7.63569e-24 0.939694 0.642784 -3.44923e-23 0.766047 0.642784 -3.47556e-23 0.766047 0.866026 8.53091e-23 0.499999 0.866026 8.63623e-23 0.499999 0.984808 1.03214e-22 0.173646 0.984808 1.04793e-22 0.173646 0.984808 -1.04793e-22 -0.173646 0.984808 -1.03214e-22 -0.173646 0.866026 -8.26761e-23 -0.499999 0.866026 -8.21495e-23 -0.499999 0.642784 3.6862e-23 -0.766047 0.642784 3.6862e-23 -0.766047 0.342017 7.10909e-24 -0.939694 0.342017 5.52929e-24 -0.939694 -1.34666e-06 7.6335e-29 -1 -1.34666e-06 8.38681e-29 -1 -0.342018 -2.04057e-23 -0.939694 -0.342018 -1.97475e-23 -0.939693 -0.642784 -5.21333e-23 -0.766047 -0.642784 -5.16068e-23 -0.766047 -0.866026 1.83006e-05 -0.499999 -0.866026 9.99653e-07 -0.499999 -0.984808 3.46017e-05 -0.173646 -0.984808 -1.06325e-17 -0.173646 -0.984808 1.06328e-17 -0.173646 -0.984808 1.06328e-17 -0.173646 -0.984808 -1.52714e-22 0.173646 -0.984808 -1.54294e-22 0.173646 -0.866026 1.83005e-05 0.499999 -0.866026 9.99648e-07 0.499999 -0.642784 -9.99712e-07 0.766047 -0.642784 -9.99651e-07 0.766047 -0.342018 -1.73008e-05 0.939694 -0.342018 1.93525e-23 0.939694 1.37958e-08 6.12323e-17 -1 1.5345e-07 6.12323e-17 -1 1.39655e-07 6.12323e-17 -1 0 6.12323e-17 -1 0 -6.12323e-17 1 0 -6.12323e-17 1 0 -6.12323e-17 1 0 -6.12323e-17 1 1 0 0 1 0 0 1 0 0 1 0 0 0 0 -1 0 0 -1 0 0 -1 0 0 -1 -1 0 0 -1 0 0 -1 0 0 -1 0 0 0 0 1 0 0 1 0 0 1 0 0 1 -3.06162e-17 -3.06164e-17 1 -3.06162e-17 -3.06164e-17 1 -3.06162e-17 -3.06164e-17 1 -3.06162e-17 -3.06164e-17 1 -3.06162e-17 3.06163e-17 -1 -3.06162e-17 3.06163e-17 -1 -3.06162e-17 3.06163e-17 -1 -3.06162e-17 3.06163e-17 -1 3.06162e-17 3.06163e-17 -1 3.06162e-17 3.06163e-17 -1 3.06162e-17 3.06163e-17 -1 3.06162e-17 3.06163e-17 -1 3.06162e-17 -3.06163e-17 1 3.06162e-17 -3.06163e-17 1 3.06162e-17 -3.06163e-17 1 3.06162e-17 -3.06163e-17 1 -1 0 0 -1 0 0 -1 0 0 -1 0 0 1 0 0 1 0 0 1 0 0 1 0 0 1.39655e-07 6.12323e-17 -1 0 6.12323e-17 -1 1.37958e-08 6.12323e-17 -1 1.5345e-07 6.12323e-17 -1 0 -6.12323e-17 1 2.79309e-07 -6.12323e-17 1 2.75915e-08 -6.12323e-17 1 3.06901e-07 -6.12323e-17 1 1 0 0 1 0 0 1 0 0 1 0 0 0 0 -1 0 0 -1 0 0 -1 0 0 -1 -1 0 0 -1 0 0 -1 0 0 -1 0 0 0 0 1 0 0 1 0 0 1 0 0 1 -3.06162e-17 -3.06162e-17 1 -3.06162e-17 -3.06162e-17 1 -3.06162e-17 -3.06162e-17 1 -3.06162e-17 -3.06162e-17 1 -3.06162e-17 3.06162e-17 -1 -3.06162e-17 3.06162e-17 -1 -3.06162e-17 3.06162e-17 -1 -3.06162e-17 3.06162e-17 -1 3.06162e-17 3.06162e-17 -1 3.06162e-17 3.06162e-17 -1 3.06162e-17 3.06162e-17 -1 3.06162e-17 3.06162e-17 -1 3.06162e-17 -3.06162e-17 1 3.06162e-17 -3.06162e-17 1 3.06162e-17 -3.06162e-17 1 3.06162e-17 -3.06162e-17 1 -1 0 0 -1 0 0 -1 0 0 -1 0 0 1 0 0 1 0 0 1 0 0 1 0 0 -1 -6.7094e-24 1.09573e-07 -1 -3.22369e-24 5.26469e-08 -1 -3.5089e-24 5.73047e-08 -1 -6.99462e-24 1.14231e-07 -1 -1.05457e-24 1.72224e-08 -1 6.56978e-25 -1.07293e-08 -1 8.09502e-25 -1.32202e-08 -1 -1.20709e-24 1.97133e-08 0 -1 0 0 -1 0 0 -1 0 0 -1 0 0 -1 0 0 -1 0 0 -1 0 0 -1 0 -1 3.46644e-25 4.69857e-08 -1 3.46644e-25 4.69857e-08 -1 3.46644e-25 4.69857e-08 -1 3.46644e-25 4.69857e-08 0 1 0 0 1 0 0 1 0 0 1 0 0 1 0 0 1 0 0 1 0 0 1 0 -1 6.63871e-08 4.69857e-08 -1 6.5867e-08 4.69857e-08 -1 6.58771e-08 4.69857e-08 -1 6.63972e-08 4.69857e-08 -1 6.86647e-08 1.15717e-07 -1 6.86647e-08 1.15717e-07 -1 6.86647e-08 1.15717e-07 -1 6.86647e-08 1.15717e-07 -1 -6.01543e-08 1.07207e-07 -1 -3.0726e-09 5.01253e-08 -1 -2.79709e-09 4.98498e-08 -1 -6.04298e-08 1.07483e-07 -1 2.79709e-09 4.98498e-08 -1 -6.27555e-08 -1.57028e-08 -1 2.48221e-09 4.95349e-08 -1 -6.30703e-08 -1.60176e-08 -1 6.30693e-08 -1.60166e-08 -1 3.02937e-08 1.67589e-08 -1 6.29119e-08 -1.58592e-08 -1 3.01363e-08 1.69164e-08 1 2.81768e-24 -4.60163e-08 1 6.52427e-24 -1.06549e-07 1 6.22099e-24 -1.01596e-07 1 2.5144e-24 -4.10632e-08 1 -2.33925e-24 3.82028e-08 1 -4.18503e-24 6.83467e-08 1 -4.34951e-24 7.1033e-08 1 -2.17476e-24 3.55165e-08 0 5.67526e-06 -1 0 3.04211e-06 -1 0 3.35913e-06 -1 0 5.06891e-06 -1 1 2.11624e-07 1.29582e-23 1 7.1559e-08 4.38173e-24 1 7.42806e-08 4.54837e-24 1 2.14345e-07 1.31249e-23 0 0 1 0 0 1 0 0 1 0 0 1 1 0 0 1 0 0 1 0 0 1 0 0 1 0 0 1 0 0 1 0 0 1 0 0 1 1.51806e-07 -1.51807e-07 1 7.27221e-10 -7.27228e-10 1 1.51079e-07 -1.5108e-07 1 0 0 1 5.0601e-08 5.06014e-08 1 5.0601e-08 5.06014e-08 1 5.0601e-08 5.06014e-08 1 5.0601e-08 5.06014e-08 1 0 0 1 0 0 1 0 0 1 0 0 0 0 1 0 0 1 0 0 1 0 0 1 0 3.12547e-06 -1 0 7.72726e-06 -1 0 5.03856e-06 -1 0 3.31265e-06 -1 1.37957e-08 6.12323e-17 -1 1.5345e-07 6.12323e-17 -1 1.39654e-07 6.12323e-17 -1 0 6.12323e-17 -1 0 -6.12323e-17 1 0 -6.12323e-17 1 0 -6.12323e-17 1 0 -6.12323e-17 1 1 0 0 1 0 0 1 0 0 1 0 0 0 0 -1 0 0 -1 0 0 -1 0 0 -1 -1 0 0 -1 0 0 -1 0 0 -1 0 0 0 0 1 0 0 1 0 0 1 0 0 1 -3.06162e-17 -3.06167e-17 1 -3.06162e-17 -3.06167e-17 1 -3.06162e-17 -3.06167e-17 1 -3.06162e-17 -3.06167e-17 1 -3.06162e-17 3.0616e-17 -1 -3.06162e-17 3.0616e-17 -1 -3.06162e-17 3.0616e-17 -1 -3.06162e-17 3.0616e-17 -1 3.06162e-17 3.0616e-17 -1 3.06162e-17 3.0616e-17 -1 3.06162e-17 3.0616e-17 -1 3.06162e-17 3.0616e-17 -1 3.06162e-17 -3.06167e-17 1 3.06162e-17 -3.06167e-17 1 3.06162e-17 -3.06167e-17 1 3.06162e-17 -3.06167e-17 1 -1 0 0 -1 0 0 -1 0 0 -1 0 0 1 0 0 1 0 0 1 0 0 1 0 0 </float_array>
          <technique_common>
            <accessor count="1072" offset="0" source="#meshId0-tangents-array" stride="3">
              <param name="X" type="float" />
              <param name="Y" type="float" />
              <param name="Z" type="float" />
            </accessor>
          </technique_common>
        </source>
        <source id="meshId0-bitangents" name="meshId0-bitangents">
          <float_array id="meshId0-bitangents-array" count="3216"> 1 0 0 1 0 0 1 0 0 1 0 0 1 0 -0 1 8.55138e-24 -1.39655e-07 1 8.44746e-25 -1.37958e-08 1 9.39612e-24 -1.5345e-07 -0 1 6.12323e-17 -0 1 6.12323e-17 -0 1 6.12323e-17 -0 1 6.12323e-17 -0 1 0 -0 1 0 -0 1 0 -0 1 0 0 1 6.12323e-17 0 1 6.12323e-17 0 1 6.12323e-17 0 1 6.12323e-17 0 1 -0 0 1 -0 0 1 -0 0 1 -0 -0.707109 0.707105 1.65436e-24 -0.707109 0.707105 1.65436e-24 -0.707109 0.707105 1.65436e-24 -0.707109 0.707105 1.65436e-24 0.707107 0.707107 0 0.707107 0.707107 0 0.707107 0.707107 0 0.707107 0.707107 0 -0.707107 0.707107 0 -0.707107 0.707107 0 -0.707107 0.707107 0 -0.707107 0.707107 0 0.707109 0.707105 1.65436e-24 0.707109 0.707105 1.65436e-24 0.707109 0.707105 1.65436e-24 0.707109 0.707105 1.65436e-24 0 1 6.12323e-17 0 1 6.12323e-17 0 1 6.12323e-17 0 1 6.12323e-17 -0 1 6.12323e-17 -0 1 6.12323e-17 -0 1 6.12323e-17 -0 1 6.12323e-17 -0.931132 0.26644 -0.249003 -0.678541 0.67519 -0.28931 -0.7585 0.610723 -0.227366 -0.898196 0.312842 -0.308827 -0.430641 0.875601 -0.218798 -0.510586 0.84785 -0.143013 -0.206349 0.968193 -0.141502 -0.263187 0.959438 -0.101051 -0.137878 0.988013 -0.0694261 -0.174824 0.982532 -0.0637716 -0.171964 0.981804 -0.0805614 -0.218246 0.972459 -0.081807 -0.216538 0.971028 -0.101074 -0.274094 0.955993 -0.104642 -0.260232 0.957444 -0.124824 -0.328748 0.935537 -0.129208 -0.303041 0.941647 -0.146514 -0.379512 0.913235 -0.148234 -0.345239 0.92469 -0.160493 -0.424042 0.892654 -0.152832 -0.387394 0.907805 -0.160674 -0.460415 0.877716 -0.132784 -0.387037 0.911202 -0.141115 -0.446318 0.890418 -0.0891981 -0.3018 0.948104 -0.100078 -0.338715 0.940213 -0.0356528 -0.169987 0.98463 -0.0401007 -0.174228 0.984425 0.0234823 -0.0224091 0.997648 0.0647785 -0.00163832 0.998504 0.0546532 0.233534 0.968131 0.0904641 0.180862 0.966653 0.181306 0.509557 0.844744 0.163584 0.418883 0.866919 0.270166 0.723774 0.632762 0.275251 0.624175 0.701085 0.344799 0.762721 0.515084 0.391082 0.833043 0.42971 0.348408 0.873436 0.284872 0.394913 0.826931 0.359197 0.432624 0.868357 0.232793 0.437908 0.892543 0.17858 0.414096 0.00392033 0.000395574 0.999992 0.0155343 -0.0982353 0.995042 0.00379591 0.00101763 0.999992 0.00379325 -0.0382303 0.999262 1.80813e-05 -3.26358e-06 -1 1.27293e-05 -0.23914 -0.970985 2.40356e-05 -0.306322 -0.951928 0.000131171 -0.132159 -0.991229 -0.328417 0.584459 0.741991 -0.372222 0.307361 0.875774 -0.434716 0.255008 0.863709 -0.249975 0.668634 0.700315 -0.210464 0.815197 0.539591 -0.133415 0.871163 0.472519 -0.0743907 0.936716 0.342095 -0.0137682 0.961084 0.275912 -0.0446787 0.968421 0.245284 0.010378 0.979002 0.203588 -0.0725023 0.961508 0.265039 -0.0115011 0.973225 0.229568 -0.101207 0.946284 0.307088 -0.03112 0.961742 0.272183 -0.121932 0.924164 0.362013 -0.0453464 0.946808 0.318589 -0.143233 0.900205 0.411237 -0.0644886 0.931015 0.359237 -0.170804 0.878987 0.445206 -0.0947402 0.916319 0.389081 -0.209676 0.864166 0.457442 -0.141602 0.903804 0.40384 -0.229325 0.87777 0.420631 -0.177265 0.911785 0.370439 -0.191137 0.930478 0.312535 -0.168108 0.950876 0.25995 -0.117721 0.980384 0.15808 -0.136739 0.985155 0.103788 -0.049367 0.996937 -0.060666 -0.0778786 0.99589 -0.0462429 0.0152528 0.970284 -0.241485 0.059465 0.945916 -0.318915 0.104861 0.866824 -0.487463 0.189754 0.806409 -0.560087 0.169083 0.691832 -0.701983 0.261275 0.597122 -0.758407 0.195714 0.497121 -0.84532 0.266422 0.393604 -0.879827 0.207031 0.344802 -0.91556 0.257715 0.258195 -0.931084 0.217238 0.221395 -0.95068 0.256781 0.161359 -0.952904 0.0204884 -0.182458 0.983 0.00514829 -0.0707991 0.997477 0.00434641 -0.0926492 0.995689 -0.229737 0.325741 0.917123 -0.144406 0.69893 0.70046 -0.0608961 0.891319 0.449267 0.00474566 0.973965 0.226649 0.0227988 0.987089 0.158542 0.00723711 0.981921 0.189152 -0.00941205 0.972923 0.230938 -0.0236261 0.961686 0.273135 -0.038459 0.948491 0.314462 -0.0580269 0.933711 0.353294 -0.0853895 0.917514 0.388427 -0.105457 0.919368 0.378999 -0.101409 0.952768 0.286268 -0.0875776 0.985131 0.147811 -0.0800923 0.996747 -0.00894147 -0.0538457 0.974108 -0.219577 -0.000377834 0.886063 -0.463565 0.050973 0.729603 -0.681969 0.087585 0.543499 -0.834828 0.1081 0.38568 -0.916278 0.117738 0.250105 -0.961033 0.0163347 -0.238802 0.970931 2.43557e-06 -0.328919 -0.944358 1.8049e-05 -0.306318 -0.951929 -0.0319349 0.328751 0.943876 -0.0255622 0.705123 0.708624 -0.0251957 0.897058 0.441195 -0.0282621 0.977643 0.208364 0.00184016 0.990401 0.138211 -0.0025809 0.985002 0.172524 -0.00924946 0.975985 0.217643 -0.0158504 0.96487 0.262251 -0.0214102 0.951702 0.306276 -0.0258864 0.936521 0.349656 -0.029411 0.919357 0.392323 -0.0320074 0.91994 0.390749 -0.0339508 0.952339 0.303148 -0.0356243 0.984797 0.170016 -0.0360823 0.999097 0.022442 -0.0360171 0.982305 -0.18379 -0.0358836 0.899821 -0.434781 -0.0360139 0.746402 -0.66452 -0.0375912 0.559262 -0.828138 -0.0392254 0.398104 -0.916501 -0.0411039 0.258722 -0.965077 0.00351914 -0.258939 0.965887 0.00339022 -0.100389 0.994943 0.00386485 -0.0929635 0.995662 0.169642 0.322298 0.931314 0.096956 0.693353 0.714045 0.0149453 0.885171 0.465026 -0.0514796 0.968235 0.244684 -0.0173922 0.987545 0.156371 -0.0143506 0.981294 0.19198 -0.0125707 0.970807 0.239533 -0.011179 0.958023 0.286474 -0.00603839 0.943551 0.331173 0.00618398 0.928024 0.372469 0.0281923 0.911869 0.409511 0.0448145 0.914579 0.401916 0.0385404 0.949561 0.311204 0.0228243 0.984393 0.174495 0.0157881 0.999718 0.0177666 -0.010896 0.980914 -0.194138 -0.065238 0.895082 -0.441103 -0.118506 0.739072 -0.663121 -0.158457 0.551804 -0.818782 -0.183037 0.3922 -0.901486 -0.198083 0.254749 -0.946502 -0.00837567 -0.239595 0.970837 1.74902e-05 -0.132117 -0.991234 8.70004e-05 -0.239121 -0.97099 0.31401 0.299247 0.901027 0.21222 0.657805 0.722672 0.10582 0.862821 0.494309 -0.00181298 0.95695 0.290247 0.000276089 0.981129 0.193353 -0.00099878 0.970431 0.241375 0.00320731 0.954609 0.297845 0.00913073 0.936404 0.350805 0.0221656 0.918117 0.395689 0.048129 0.902347 0.428315 0.09255 0.890733 0.445004 0.128049 0.901473 0.413461 0.120483 0.944758 0.30482 0.0907279 0.984567 0.149655 0.0318327 0.999493 -8.23364e-05 -0.0622418 0.978492 -0.196668 -0.155817 0.881198 -0.44633 -0.226796 0.709801 -0.666893 -0.260759 0.514578 -0.816832 -0.276071 0.35868 -0.891703 -0.287834 0.230756 -0.929464 0.00408034 -0.0714547 0.997436 -0.0142401 -0.183622 0.982894 0.00311863 -0.0388738 0.999239 0.395912 0.245349 0.884906 0.302779 0.569385 0.764281 0.193236 0.802366 0.564684 0.0718433 0.935002 0.347288 0.0570099 0.974355 0.217676 0.0684528 0.959341 0.273822 0.0838501 0.935659 0.342798 0.0983814 0.907955 0.407356 0.115474 0.879804 0.461097 0.14008 0.856253 0.4972 0.177679 0.841785 0.509733 0.198888 0.858483 0.472705 0.164768 0.916488 0.364558 0.0948766 0.973099 0.209944 0.0271684 0.999607 -0.00691675 -0.0827888 0.959505 -0.26925 -0.220307 0.828715 -0.514487 -0.304318 0.624848 -0.718996 -0.322615 0.420445 -0.848025 -0.321409 0.279385 -0.904788 -0.323118 0.175435 -0.929956 -0.00880785 -0.0998928 0.994959 6.80686e-06 -6.63303e-07 -1 6.32554e-06 0.13212 -0.991234 0.75849 0.606345 -0.23883 0.89876 0.313036 -0.306984 0.929795 0.26517 -0.255278 0.677277 0.673929 -0.295154 0.429333 0.872938 -0.231629 0.514143 0.843077 -0.157727 0.205843 0.965812 -0.157595 0.268942 0.956044 -0.116829 0.137671 0.98653 -0.0883442 0.18181 0.979944 -0.0815797 0.171664 0.980093 -0.0997415 0.225104 0.969205 -0.0998516 0.21607 0.968932 -0.120351 0.28062 0.951936 -0.12276 0.259546 0.954918 -0.144108 0.334823 0.930694 -0.147314 0.302109 0.938752 -0.165757 0.385078 0.907786 -0.166252 0.34408 0.921585 -0.179696 0.429154 0.886947 -0.170739 0.386095 0.904761 -0.179831 0.465239 0.872303 -0.150467 0.385904 0.908534 -0.160136 0.451364 0.885986 -0.1063 0.301171 0.946129 -0.118889 0.344434 0.937379 -0.0518175 0.16983 0.983717 -0.0588146 0.180396 0.98356 0.00820227 0.00761126 0.99916 0.040272 0.0224321 0.998665 0.046528 -0.227822 0.970781 0.0753794 -0.181433 0.969705 0.163567 -0.505744 0.849921 0.147842 -0.420934 0.871164 0.252761 -0.723313 0.647695 0.239394 -0.628345 0.705769 0.327219 -0.837825 0.438787 0.324831 -0.764307 0.516155 0.386547 -0.880613 0.291272 0.373741 -0.833504 0.362052 0.417361 -0.90018 0.182381 0.395491 -0.87263 0.233938 0.428708 0.00380135 -0.00101907 0.999992 0.00394231 -0.000397757 0.999992 0.00525594 0.0380939 0.99926 0.838284 0.327821 -0.435676 0.623807 0.703299 -0.340934 0.384013 0.895721 -0.224093 0.174819 0.977004 -0.122075 0.117899 0.990081 -0.0764127 0.148091 0.984581 -0.0931108 0.18712 0.975388 -0.116633 0.225528 0.964087 -0.140264 0.264171 0.950804 -0.161818 0.303892 0.935696 -0.179231 0.345413 0.918863 -0.19074 0.34882 0.919945 -0.178957 0.2751 0.952803 -0.128399 0.161234 0.985367 -0.0552773 0.0317095 0.999337 0.0178956 -0.151626 0.981844 0.113984 -0.371863 0.897824 0.235859 -0.571245 0.742843 0.349089 -0.710456 0.555068 0.43261 -0.789617 0.394941 0.469603 -0.831597 0.256504 0.492597 0.0150366 0.0983582 0.995037 3.93391e-06 0.239139 -0.970985 -2.49594e-07 0.306317 -0.95193 0.742691 0.326854 -0.584445 0.570047 0.701751 -0.427307 0.369931 0.894219 -0.252038 0.195723 0.975713 -0.0983661 0.133093 0.989155 -0.0621201 0.159072 0.983638 -0.0845756 0.194616 0.974387 -0.112674 0.230165 0.963028 -0.140005 0.26412 0.949724 -0.16812 0.294884 0.934662 -0.198622 0.321042 0.917969 -0.232949 0.311247 0.919275 -0.240956 0.236286 0.95243 -0.192471 0.1252 0.985399 -0.115387 0.00799536 0.999686 -0.0237611 -0.151478 0.982489 0.108489 -0.348926 0.898824 0.265265 -0.528599 0.744183 0.40838 -0.658232 0.55645 0.507045 -0.729041 0.395508 0.558635 -0.765866 0.256918 0.589442 0.00571737 0.0707586 0.997477 0.0208987 0.182381 0.983006 0.00481009 0.092631 0.995689 0.655674 0.30907 -0.688888 0.536339 0.672758 -0.509644 0.375668 0.87357 -0.309434 0.234829 0.963953 -0.125103 0.159489 0.983744 -0.08253 0.184416 0.976808 -0.108797 0.220065 0.965124 -0.1418 0.257384 0.950684 -0.173072 0.291084 0.934488 -0.204944 0.315458 0.918006 -0.240316 0.324349 0.902732 -0.282619 0.296558 0.908379 -0.29479 0.21626 0.947191 -0.236774 0.101996 0.984635 -0.141746 -0.0193142 0.999292 -0.0322959 -0.169629 0.977207 0.127638 -0.348567 0.882072 0.316939 -0.512635 0.714474 0.476164 -0.63662 0.519896 0.569581 -0.682704 0.36704 0.631821 -0.716556 0.236079 0.656364 0.0163922 0.238796 0.970931 1.70246e-06 0.306319 -0.951929 -2.83206e-06 0.32892 -0.944358 0.608393 0.261044 -0.749476 0.536762 0.595132 -0.598085 0.403122 0.8212 -0.403885 0.264377 0.943235 -0.20103 0.168219 0.976289 -0.136241 0.191649 0.966747 -0.169326 0.22878 0.95014 -0.21188 0.269469 0.929295 -0.252581 0.306835 0.906002 -0.291569 0.332905 0.883398 -0.329822 0.338861 0.865339 -0.369272 0.309293 0.875281 -0.37178 0.236304 0.925901 -0.294732 0.133339 0.976623 -0.168605 -0.0257494 0.999416 -0.0224491 -0.210498 0.96092 0.179789 -0.373127 0.835374 0.40364 -0.500863 0.64645 0.575533 -0.618274 0.439869 0.651347 -0.673624 0.294455 0.677884 -0.698376 0.185332 0.69132 0.00413471 0.258939 0.965885 0.00424488 0.100389 0.994939 0.0041761 0.0929753 0.99566 -0.555846 0.586348 -0.589263 -0.661999 0.308097 -0.683252 -0.625022 0.256756 -0.737173 -0.55048 0.66888 -0.499571 -0.418128 0.815135 -0.400905 -0.390706 0.869836 -0.30122 -0.281374 0.938519 -0.200026 -0.25095 0.960817 -0.117705 -0.187285 0.972878 -0.135766 -0.176845 0.981378 -0.074984 -0.210835 0.962864 -0.168647 -0.20184 0.974188 -0.101084 -0.247937 0.945551 -0.210857 -0.237427 0.962134 -0.133887 -0.288423 0.923982 -0.251137 -0.274592 0.947307 -0.164951 -0.325445 0.900098 -0.289669 -0.308121 0.93081 -0.196606 -0.351074 0.877203 -0.32751 -0.332371 0.914224 -0.231782 -0.3565 0.859322 -0.366705 -0.341207 0.89917 -0.273991 -0.326371 0.870012 -0.369542 -0.313465 0.905379 -0.286408 -0.252868 0.92192 -0.293465 -0.2333 0.94506 -0.228981 -0.149547 0.974341 -0.168211 -0.119174 0.983727 -0.13446 0.00911664 0.999706 -0.0224557 0.00176125 0.999685 -0.025035 0.152873 0.97899 0.134939 0.194802 0.964112 0.180386 0.332452 0.885252 0.325277 0.357861 0.840772 0.406249 0.494404 0.719162 0.488232 0.485852 0.652809 0.581195 0.592983 0.450644 0.667301 0.621361 0.524018 0.582508 0.658914 0.299692 0.68994 0.676853 0.368291 0.637363 0.700136 0.238514 0.672994 0.685838 0.188445 0.702932 -0.00797838 0.239635 0.97083 2.97911e-05 0.239134 -0.970986 9.92045e-06 0.13212 -0.991234 -0.754334 0.326106 -0.569768 -0.581041 0.700442 -0.414454 -0.381384 0.892822 -0.239615 -0.207908 0.97438 -0.0857809 -0.146257 0.988045 -0.0487374 -0.172373 0.982471 -0.0709866 -0.2079 0.973128 -0.0989932 -0.24344 0.96167 -0.126208 -0.277424 0.948298 -0.154166 -0.30827 0.933239 -0.184486 -0.334517 0.916664 -0.218687 -0.324863 0.918192 -0.226689 -0.250187 0.951653 -0.17822 -0.139422 0.98506 -0.101081 -0.0223885 0.999705 -0.00936846 0.137549 0.982888 0.122523 0.33555 0.899687 0.27923 0.51781 0.74511 0.420338 0.64993 0.557174 0.516864 0.715794 0.396428 0.574878 0.749669 0.257667 0.609593 0.00263456 0.0713524 0.997448 -0.013473 0.183764 0.982878 0.00409091 0.0389641 0.999232 -0.846038 0.328239 -0.420094 -0.629567 0.703961 -0.328762 -0.390245 0.896447 -0.209978 -0.181374 0.97762 -0.106592 -0.125099 0.99038 -0.0591378 -0.155421 0.984952 -0.0755857 -0.194535 0.975885 -0.0990218 -0.233027 0.964711 -0.122602 -0.271779 0.951517 -0.144051 -0.311613 0.936419 -0.161296 -0.353209 0.919483 -0.172609 -0.356581 0.920346 -0.160664 -0.282775 0.952867 -0.109924 -0.168904 0.984954 -0.0365746 -0.0394554 0.998549 0.036643 0.143912 0.980738 0.132066 0.363818 0.896338 0.253405 0.563906 0.741476 0.363626 0.704299 0.554109 0.443763 0.779217 0.393762 0.487618 0.818089 0.25548 0.515228 -0.00789256 0.100118 0.994944 1 -1.41984e-07 -7.76308e-15 1 -1.40259e-08 -7.66875e-16 1 -1.5601e-07 -8.52996e-15 1 -0 0 1 0 0 1 1.39655e-07 1.52714e-14 1 1.37958e-08 1.50859e-15 1 1.53451e-07 1.678e-14 0 -6.12323e-17 1 0 -6.12323e-17 1 0 -6.12323e-17 1 0 -6.12323e-17 1 0 -1.19555e-07 1 0 -2.9716e-09 1 0 0 1 0 -1.22527e-07 1 0 -6.12323e-17 1 0 -6.12323e-17 1 0 -6.12323e-17 1 0 -6.12323e-17 1 0 -2.9716e-09 1 0 -1.22527e-07 1 0 -1.19555e-07 1 0 0 1 -0.707107 -1.77964e-10 0.707107 -0.707107 -4.32244e-08 0.707107 -0.707107 0 0.707107 -0.707107 -4.34024e-08 0.707107 0.707107 0 0.707107 0.707107 -4.31421e-08 0.707107 0.707107 -1.77627e-10 0.707107 0.707107 -4.33197e-08 0.707107 -0.707098 -8.66404e-08 0.707115 -0.707098 -8.66404e-08 0.707115 -0.707098 -8.66404e-08 0.707115 -0.707098 -8.66404e-08 0.707115 0.707098 -8.65453e-08 0.707115 0.707098 -8.65453e-08 0.707115 0.707098 -8.65453e-08 0.707115 0.707098 -8.65453e-08 0.707115 0 -6.12323e-17 1 0 -6.12323e-17 1 0 -6.12323e-17 1 0 -6.12323e-17 1 0 -6.12323e-17 1 0 -6.12323e-17 1 0 -6.12323e-17 1 0 -6.12323e-17 1 9.08971e-07 0.701828 0.712347 7.86189e-06 0.701827 0.712347 6.92682e-06 0.701827 0.712347 5.66244e-07 0.701828 0.712347 -3.24845e-06 0.701824 0.712351 -1.43051e-06 0.701826 0.712349 -1.60805e-07 0.701822 0.712353 -1.58158e-07 0.701817 0.712357 3.45707e-06 0.701823 0.712351 4.85778e-06 0.701821 0.712353 -6.55651e-07 0.701828 0.712347 -6.4075e-07 0.701828 0.712347 -1.70085e-05 0.701827 0.712347 -5.80376e-06 0.701827 0.712347 9.83477e-07 0.701828 0.712347 2.26718e-05 0.701827 0.712347 1.20103e-05 0.701832 0.712342 5.80343e-06 0.701827 0.712347 2.98023e-07 0.701828 0.712346 -3.54648e-06 0.701823 0.712351 -1.58841e-07 0.701829 0.712346 -1.54507e-07 0.701832 0.712342 -1.06692e-05 0.70184 0.712334 -6.3926e-06 0.701835 0.712339 4.20213e-06 0.701826 0.712349 -3.08454e-06 0.701829 0.712346 1 -0 0 1 -0 0 1 -0 0 1 -0 0 1 0 0 1 0 0 1 0 0 1 0 0 0 -6.12323e-17 1 0 -6.12323e-17 1 0 -6.12323e-17 1 0 -6.12323e-17 1 0 -1.19555e-07 1 0 -2.9716e-09 1 0 0 1 0 -1.22527e-07 1 0 -6.12323e-17 1 0 -6.12323e-17 1 0 -6.12323e-17 1 0 -6.12323e-17 1 0 -2.9716e-09 1 0 -1.22527e-07 1 0 -1.19555e-07 1 0 0 1 -0.707111 -4.33194e-08 0.707102 -0.707111 -1.77625e-10 0.707103 -0.707111 -4.31418e-08 0.707103 -0.707111 0 0.707102 0.707111 -4.31418e-08 0.707102 0.707111 -1.77625e-10 0.707102 0.707111 1.77636e-15 0.707103 0.707111 -4.33194e-08 0.707103 -0.707103 -8.66399e-08 0.707111 -0.707102 -8.66399e-08 0.707111 -0.707102 -8.66399e-08 0.707111 -0.707103 -8.66399e-08 0.707111 0.707102 -8.65448e-08 0.707111 0.707102 -8.65448e-08 0.707111 0.707103 -8.65448e-08 0.707111 0.707103 -8.65448e-08 0.707111 0 -6.12323e-17 1 0 -6.12323e-17 1 0 -6.12323e-17 1 0 -6.12323e-17 1 0 -6.12323e-17 1 0 -6.12323e-17 1 0 -6.12323e-17 1 0 -6.12323e-17 1 8.9407e-07 0.701828 0.712347 7.86727e-06 0.701827 0.712347 6.93231e-06 0.701827 0.712347 5.81145e-07 0.701828 0.712347 -3.27826e-06 0.701823 0.712351 -1.41561e-06 0.701826 0.712349 -1.46916e-07 0.701822 0.712353 -1.51162e-07 0.701817 0.712357 3.42727e-06 0.701823 0.712351 4.82798e-06 0.701821 0.712353 -6.4075e-07 0.701828 0.712347 -6.4075e-07 0.701828 0.712347 -1.70085e-05 0.701827 0.712347 -5.78178e-06 0.701827 0.712347 9.38773e-07 0.701828 0.712346 2.26716e-05 0.701827 0.712347 1.20252e-05 0.701832 0.712342 5.78113e-06 0.701827 0.712347 2.98023e-07 0.701828 0.712346 -3.53158e-06 0.701823 0.712351 -1.37853e-07 0.701829 0.712346 -1.40619e-07 0.701832 0.712342 -1.06543e-05 0.70184 0.712334 -6.4075e-06 0.701835 0.712339 4.20213e-06 0.701826 0.712349 -3.09944e-06 0.701829 0.712346 2.88982e-07 -9.81649e-05 -1 -1.81316e-05 -0.000103648 -1 -0.34202 -0.000102047 -0.939693 -0.342033 -7.55414e-05 -0.939688 -0.642787 -6.37772e-05 -0.766044 -0.642791 -2.42889e-05 -0.766041 -0.866026 -1.61521e-05 -0.499999 -0.866026 -7.45058e-09 -0.499999 -0.984808 -8.27181e-25 -0.173648 -0.984808 5.58794e-09 -0.173648 -0.984807 8.27181e-25 0.17365 -0.984807 -3.72529e-09 0.17365 -0.866025 1.65436e-24 0.5 -0.866024 -1.49831e-05 0.500002 -0.642789 -2.25339e-05 0.766043 -0.642781 -5.94258e-05 0.76605 -0.34202 -7.59465e-05 0.939693 -0.342004 -9.23835e-05 0.939698 1.72385e-05 -9.25625e-05 1 2.69716e-07 -0.0001061 1 0.34202 -9.3964e-05 0.939692 0.342031 -6.45742e-05 0.939689 0.642787 -5.38229e-05 0.766045 0.64279 -1.9528e-05 0.766042 0.866025 -1.29801e-05 0.5 0.866025 0 0.5 0.984808 0 0.173648 0.984808 1.86265e-09 0.173648 0.984808 -8.27181e-25 0.173648 0.984808 3.72529e-09 0.173648 0.984808 8.27181e-25 -0.173648 0.984808 0 -0.173648 0.866026 -1.65436e-24 -0.499999 0.866024 -1.32471e-05 -0.500002 0.642787 -1.99327e-05 -0.766044 0.64278 -5.39273e-05 -0.766051 0.342021 -6.43991e-05 -0.939692 0.342004 -9.38065e-05 -0.939698 -0.862478 -0.212867 -0.459151 -0.739453 -0.542717 -0.398331 -0.820665 -0.213288 -0.53011 -0.710987 -0.543142 -0.446647 -0.770529 -0.200078 -0.605189 -0.694319 -0.512453 -0.505285 -0.716863 -0.173694 -0.675232 -0.686639 -0.446716 -0.573561 -0.667991 -0.347457 -0.658074 -0.692618 -0.127371 -0.70997 -0.515095 0.543162 0.663062 -0.56796 0.19496 0.799632 -0.511988 0.504948 0.694907 -0.59516 0.21311 0.774835 -0.548105 0.541691 0.6373 -0.640167 0.212312 0.738315 -0.720086 0.198901 0.664767 -0.609679 0.5097 0.60704 -0.685576 0.447692 0.574071 -0.769197 0.169237 0.616194 -0.854583 0.139032 0.500359 -0.779801 0.364902 0.508681 -0.86691 0.253513 0.429183 -0.899683 0.0912618 0.426897 -0.94118 0.131201 0.311395 -0.95505 0.0493681 0.292305 -0.984029 -0.0028759 0.177983 -0.984271 -0.000674065 0.176664 -0.99542 -0.0549753 0.0782043 -0.991073 -0.130358 0.0279518 -0.993599 -0.0989038 -0.0545862 -0.960796 -0.261327 -0.0926242 -0.906961 -0.366718 -0.207217 -0.970777 -0.135617 -0.19799 -0.844397 -0.454987 -0.282808 -0.947671 -0.175881 -0.266433 -0.784962 -0.512592 -0.347972 -0.903408 -0.198766 -0.379929 -0.166889 -0.918281 -0.359037 -0.570221 -0.7195 -0.396444 -0.335888 -0.799466 -0.49803 -0.454929 -0.817811 -0.352456 -0.729452 -0.573222 -0.373251 -0.578811 -0.63641 -0.509863 -0.807299 -0.460123 -0.369534 -0.880851 -0.401642 -0.250571 -0.963829 -0.234493 -0.126674 -0.975582 -0.213536 -0.0514036 -0.984061 -0.00736371 0.177677 -0.985202 0.0173591 0.170516 -0.89865 0.199619 0.390614 -0.861399 0.24209 0.446525 -0.741632 0.393723 0.543107 -0.637281 0.434079 0.636748 -0.370669 0.62687 0.685301 -0.557924 0.573902 0.599464 -0.145362 0.799835 0.582352 -0.397889 0.715272 0.574517 -0.29692 0.811258 0.503685 -0.0276541 0.912226 0.408753 -0.27875 0.865286 0.416629 -0.0429172 0.973614 0.22413 -0.156544 0.980898 0.115467 -0.313832 0.870898 0.378215 -0.24022 0.961279 0.135041 -0.352176 0.840146 0.412465 -0.617019 -0.633621 -0.466702 -0.557454 -0.828412 -0.0545844 -0.6173 -0.747044 -0.246709 -0.607374 -0.732775 -0.306817 -0.532354 -0.817958 -0.218046 -0.389008 -0.920699 0.03138 -0.447576 -0.867444 -0.217295 -0.215277 -0.976358 -0.019496 -0.123573 -0.976035 -0.179126 -0.410979 -0.867175 -0.281253 -0.989011 -0.085869 0.120347 -0.990645 -0.0639669 0.120544 -0.974116 -0.192477 0.118539 -0.981664 -0.148562 0.119434 -0.990644 0.0639687 0.12055 -0.992621 -0.0117733 0.12069 -0.98411 0.131082 0.119769 -0.976218 0.181337 0.118806 -0.969816 0.213376 0.118015 -0.970634 0.209566 0.118119 -0.981663 0.148559 0.119451 -0.97411 0.192472 0.118591 -0.992614 0.0117616 0.120742 -0.989014 0.0858742 0.120321 -0.976221 -0.181334 0.118783 -0.970634 -0.209566 0.118114 -0.984113 -0.131078 0.119749 -0.969816 -0.213376 0.118015 -0.718819 -0.609686 -0.334038 -0.634635 -0.689441 -0.349157 -0.824864 -0.491969 -0.278507 -0.923414 -0.346717 -0.164605 -0.983296 -0.181984 -0.0032801 -0.984021 -0.00478698 0.177985 -0.921379 0.17306 0.348011 -0.809785 0.33999 0.478179 -0.678136 0.48813 0.549418 -0.556053 0.604073 0.570877 -0.467645 0.684972 0.558678 -0.427549 0.729047 0.534503 -0.421144 0.732266 0.535186 -0.441634 0.692978 0.56986 -0.647677 -0.610244 -0.456198 -0.632332 -0.5072 -0.58558 -0.620824 -0.689021 -0.373936 -0.590628 -0.730665 -0.342471 -0.590561 -0.730383 -0.343187 -8.25767e-23 -1 -1.95259e-28 -8.25767e-23 -1 -1.87538e-28 1.96795e-17 -1 -7.16268e-18 1.96795e-17 -1 -7.16268e-18 3.0151e-17 -1 -2.52995e-17 3.0151e-17 -1 -2.52995e-17 2.65144e-17 -1 -4.59243e-17 2.65144e-17 -1 -4.59243e-17 1.04713e-17 -1 -5.9386e-17 1.04713e-17 -1 -5.9386e-17 -1.04713e-17 -1 -5.9386e-17 -1.04713e-17 -1 -5.9386e-17 -2.65144e-17 -1 -4.59243e-17 -2.65144e-17 -1 -4.59243e-17 -3.0151e-17 -1 -2.52995e-17 -3.0151e-17 -1 -2.52995e-17 -1.96795e-17 -1 -7.16268e-18 -1.96795e-17 -1 -7.16268e-18 8.25767e-23 -1 -1.87538e-28 8.25767e-23 -1 -1.95071e-28 1.96796e-17 -1 -7.16271e-18 1.96796e-17 -1 -7.16271e-18 3.0151e-17 -1 -2.52994e-17 3.0151e-17 -1 -2.52994e-17 -1.58488e-05 -1 -9.15027e-06 -8.65725e-07 -1 -4.99826e-07 -3.40761e-05 -1 -6.00845e-06 2.09422e-17 -1 -5.75397e-17 -8.27181e-25 -1 -6.12323e-17 -8.27181e-25 -1 -6.12323e-17 -1.04711e-17 -1 -5.9386e-17 -1.04711e-17 -1 -5.9386e-17 -1.58487e-05 -1 9.15022e-06 -8.65721e-07 -1 4.99823e-07 6.42599e-07 -1 -7.65827e-07 6.4256e-07 -1 -7.6578e-07 5.9172e-06 -1 -1.62575e-05 -1.96796e-17 -1 -7.16271e-18 1 -8.44746e-25 1.37958e-08 1 -9.39612e-24 1.5345e-07 1 -8.55137e-24 1.39655e-07 1 0 0 1 0 -0 1 0 -0 1 0 -0 1 0 -0 -0 1 6.12323e-17 -0 1 6.12323e-17 -0 1 6.12323e-17 -0 1 6.12323e-17 -0 1 0 -0 1 0 -0 1 0 -0 1 0 0 1 6.12323e-17 0 1 6.12323e-17 0 1 6.12323e-17 0 1 6.12323e-17 0 1 -0 0 1 -0 0 1 -0 0 1 -0 -0.707109 0.707105 0 -0.707109 0.707105 0 -0.707109 0.707105 0 -0.707109 0.707105 0 0.707109 0.707105 -1.65436e-24 0.707109 0.707105 -1.65436e-24 0.707109 0.707105 -1.65436e-24 0.707109 0.707105 -1.65436e-24 -0.707109 0.707105 -1.65436e-24 -0.707109 0.707105 -1.65436e-24 -0.707109 0.707105 -1.65436e-24 -0.707109 0.707105 -1.65436e-24 0.707109 0.707105 -1.65436e-24 0.707109 0.707105 -1.65436e-24 0.707109 0.707105 -1.65436e-24 0.707109 0.707105 -1.65436e-24 0 1 6.12323e-17 0 1 6.12323e-17 0 1 6.12323e-17 0 1 6.12323e-17 -0 1 6.12323e-17 -0 1 6.12323e-17 -0 1 6.12323e-17 -0 1 6.12323e-17 1 -8.55137e-24 1.39655e-07 1 0 0 1 -8.44746e-25 1.37958e-08 1 -9.39612e-24 1.5345e-07 1 0 -0 1 1.71028e-23 -2.79309e-07 1 1.68949e-24 -2.75915e-08 1 1.87923e-23 -3.06901e-07 -0 1 6.12323e-17 -0 1 6.12323e-17 -0 1 6.12323e-17 -0 1 6.12323e-17 -0 1 0 -0 1 0 -0 1 0 -0 1 0 0 1 6.12323e-17 0 1 6.12323e-17 0 1 6.12323e-17 0 1 6.12323e-17 0 1 -0 0 1 -0 0 1 -0 0 1 -0 -0.707107 0.707107 0 -0.707107 0.707107 0 -0.707107 0.707107 0 -0.707107 0.707107 0 0.707107 0.707107 0 0.707107 0.707107 0 0.707107 0.707107 0 0.707107 0.707107 0 -0.707107 0.707107 0 -0.707107 0.707107 0 -0.707107 0.707107 0 -0.707107 0.707107 0 0.707107 0.707107 0 0.707107 0.707107 0 0.707107 0.707107 0 0.707107 0.707107 0 0 1 6.12323e-17 0 1 6.12323e-17 0 1 6.12323e-17 0 1 6.12323e-17 -0 1 6.12323e-17 -0 1 6.12323e-17 -0 1 6.12323e-17 -0 1 6.12323e-17 -1.09573e-07 6.12323e-17 -1 -5.26469e-08 6.12323e-17 -1 -5.73047e-08 6.12323e-17 -1 -1.14231e-07 6.12323e-17 -1 1.72224e-08 -6.12323e-17 1 -1.07293e-08 -6.12323e-17 1 -1.32202e-08 -6.12323e-17 1 1.97133e-08 -6.12323e-17 1 0 0 -1 0 0 -1 0 0 -1 0 0 -1 0 0 -1 0 0 -1 0 0 -1 0 0 -1 3.22369e-24 1 6.12323e-17 3.22369e-24 1 6.12323e-17 3.22369e-24 1 6.12323e-17 3.22369e-24 1 6.12323e-17 0 0 -1 0 0 -1 0 0 -1 0 0 -1 0 0 -1 0 0 -1 0 0 -1 0 0 -1 -6.63871e-08 -1 3.05801e-15 -6.5867e-08 -1 3.03358e-15 -6.58771e-08 -1 3.03405e-15 -6.63972e-08 -1 3.05849e-15 -1.30378e-07 -0.707107 -0.707107 -1.30378e-07 -0.707107 -0.707107 -1.30378e-07 -0.707107 -0.707107 -1.30378e-07 -0.707107 -0.707107 -1.18342e-07 0.707107 -0.707107 -3.76166e-08 0.707107 -0.707107 -3.72269e-08 0.707107 -0.707107 -1.18732e-07 0.707107 -0.707107 3.72269e-08 0.707107 0.707107 -5.54783e-08 0.707107 0.707107 3.67816e-08 0.707107 0.707107 -5.59236e-08 0.707107 0.707107 -5.59222e-08 -0.707107 0.707107 -9.57056e-09 -0.707107 0.707107 -5.56996e-08 -0.707107 0.707107 -9.34792e-09 -0.707107 0.707107 4.60163e-08 -6.12323e-17 1 1.06549e-07 -6.12323e-17 1 1.01596e-07 -6.12323e-17 1 4.10632e-08 -6.12323e-17 1 3.82028e-08 6.12323e-17 -1 6.83467e-08 6.12323e-17 -1 7.1033e-08 6.12323e-17 -1 3.55165e-08 6.12323e-17 -1 -0 1 5.67526e-06 -0 1 3.04211e-06 -0 1 3.35913e-06 -0 1 5.06891e-06 2.11624e-07 -1 -6.12323e-17 7.1559e-08 -1 -6.12323e-17 7.42806e-08 -1 -6.12323e-17 2.14345e-07 -1 -6.12323e-17 0 1 -0 0 1 -0 0 1 -0 0 1 -0 -0 1 6.12323e-17 -0 1 6.12323e-17 -0 1 6.12323e-17 -0 1 6.12323e-17 -0 0.707104 0.70711 -0 0.707104 0.70711 -0 0.707104 0.70711 -0 0.707104 0.70711 2.14687e-07 -0.707104 0.70711 1.02845e-09 -0.707104 0.70711 2.13658e-07 -0.707104 0.70711 0 -0.707104 0.70711 7.15609e-08 -0.707104 -0.70711 7.15609e-08 -0.707104 -0.70711 7.15609e-08 -0.707104 -0.70711 7.15609e-08 -0.707104 -0.70711 0 0.707104 -0.70711 0 0.707104 -0.70711 0 0.707104 -0.70711 0 0.707104 -0.70711 0 1 -0 0 1 -0 0 1 -0 0 1 -0 -0 1 3.12547e-06 -0 1 7.72726e-06 -0 1 5.03856e-06 -0 1 3.31265e-06 1 -8.44745e-25 1.37957e-08 1 -9.39611e-24 1.5345e-07 1 -8.55136e-24 1.39654e-07 1 0 0 1 0 -0 1 0 -0 1 0 -0 1 0 -0 -0 1 6.12323e-17 -0 1 6.12323e-17 -0 1 6.12323e-17 -0 1 6.12323e-17 -0 1 0 -0 1 0 -0 1 0 -0 1 0 0 1 6.12323e-17 0 1 6.12323e-17 0 1 6.12323e-17 0 1 6.12323e-17 0 1 -0 0 1 -0 0 1 -0 0 1 -0 -0.707113 0.7071 0 -0.707113 0.7071 1.65436e-24 -0.707113 0.7071 1.65436e-24 -0.707113 0.7071 0 0.707105 0.707109 0 0.707105 0.707109 0 0.707105 0.707109 0 0.707105 0.707109 0 -0.707105 0.707109 0 -0.707105 0.707109 0 -0.707105 0.707109 0 -0.707105 0.707109 0 0.707113 0.7071 0 0.707113 0.7071 1.65436e-24 0.707113 0.7071 1.65436e-24 0.707113 0.7071 0 0 1 6.12323e-17 0 1 6.12323e-17 0 1 6.12323e-17 0 1 6.12323e-17 -0 1 6.12323e-17 -0 1 6.12323e-17 -0 1 6.12323e-17 -0 1 6.12323e-17 </float_array>
          <technique_common>
            <accessor count="1072" offset="0" source="#meshId0-bitangents-array" stride="3">
              <param name="X" type="float" />
              <param name="Y" type="float" />
              <param name="Z" type="float" />
            </accessor>
          </technique_common>
        </source>
        <source id="meshId0-tex0" name="meshId0-tex0">
          <float_array id="meshId0-tex0-array" count="2144"> 0.960622 0.712741 0.572192 0.712741 0.572192 0.65752 0.960622 0.65752 0.59779 0.529529 0.98622 0.529529 0.59779 0.58475 0.98622 0.58475 0.993587 0.955669 0.934833 0.955669 0.934833 0.940865 0.993587 0.940865 0.48279 0.926535 0.0943599 0.926535 0.0943599 0.911732 0.48279 0.911732 0.989321 0.831945 0.930566 0.831945 0.930566 0.817141 0.989321 0.817141 0.888094 0.866807 0.499664 0.866807 0.499664 0.852003 0.888094 0.852003 0.499664 0.852003 0.888094 0.849506 0.888094 0.852003 0.499664 0.849506 0.0943599 0.909235 0.48279 0.909235 0.0943599 0.911732 0.48279 0.911732 0.48279 0.929033 0.0943599 0.929033 0.48279 0.926535 0.0943599 0.926535 0.888094 0.866807 0.499664 0.869304 0.499664 0.866807 0.888094 0.869304 0.987554 0.833711 0.932333 0.833711 0.987554 0.815375 0.932333 0.815375 0.936599 0.957435 0.991821 0.957435 0.936599 0.939099 0.991821 0.939099 0.16265 0.692367 0.162867 0.685996 0.166433 0.687589 0.160733 0.691445 0.164458 0.680422 0.169426 0.681933 0.165435 0.674616 0.171252 0.675572 0.16989 0.564849 0.181203 0.565897 0.170969 0.548014 0.183248 0.549432 0.172407 0.531239 0.185909 0.533225 0.174332 0.514521 0.189318 0.517252 0.176781 0.497851 0.193525 0.501444 0.179722 0.481208 0.198518 0.485647 0.183009 0.464557 0.204186 0.469581 0.1863 0.447863 0.210174 0.452814 0.188957 0.431733 0.215295 0.435494 0.190555 0.415897 0.21855 0.417296 0.190789 0.400055 0.219322 0.398213 0.216603 0.376434 0.189114 0.381939 0.209176 0.354338 0.184984 0.362893 0.197706 0.334673 0.178544 0.344441 0.169968 0.326188 0.183303 0.31782 0.175338 0.310279 0.165088 0.317312 0.160455 0.308496 0.167828 0.303412 0.986709 0.871864 0.99489 0.863349 0.99657 0.871903 0.98576 0.867102 0.975168 0.662755 0.973635 0.666457 0.971936 0.667591 0.97477 0.664758 0.892831 0.389183 0.89875 0.392751 0.896833 0.393771 0.896304 0.387415 0.889486 0.383719 0.894314 0.381925 0.887383 0.377474 0.89302 0.376109 0.865766 0.269368 0.876996 0.267325 0.862527 0.252705 0.874767 0.250471 0.85909 0.236401 0.872467 0.233664 0.854707 0.22057 0.86952 0.216954 0.849443 0.204908 0.865968 0.200341 0.843342 0.189183 0.861887 0.183743 0.836575 0.173016 0.857501 0.167059 0.829593 0.155883 0.853258 0.150194 0.823738 0.137864 0.849937 0.13372 0.820163 0.11868 0.848049 0.117404 0.819641 0.0984712 0.847979 0.101023 0.850405 0.0824347 0.82335 0.0756854 0.855905 0.0631595 0.832462 0.0530675 0.864176 0.0448779 0.845962 0.0336238 0.874903 0.0273163 0.862354 0.0178254 0.880918 0.0188577 0.871255 0.0109637 0.886405 0.0104519 0.879411 0.00476636 0.990065 0.856095 0.983064 0.863054 0.979029 0.860339 0.901208 0.392263 0.900132 0.386569 0.899236 0.380975 0.898623 0.375281 0.888311 0.265973 0.887186 0.249002 0.886094 0.231964 0.884765 0.214918 0.883164 0.197943 0.881337 0.181102 0.879417 0.164464 0.87764 0.148105 0.876332 0.132712 0.875697 0.118007 0.875906 0.103578 0.877328 0.0869339 0.880214 0.0690748 0.884461 0.0511662 0.890076 0.0325143 0.893215 0.023176 0.895982 0.0137007 0.982838 0.851234 0.969933 0.66799 0.967929 0.667591 0.903932 0.392157 0.904065 0.386382 0.904185 0.380762 0.904295 0.37511 0.899607 0.265488 0.899649 0.248521 0.899891 0.231477 0.900255 0.214414 0.900696 0.197428 0.901185 0.180631 0.9017 0.164141 0.902224 0.148073 0.902728 0.133123 0.903214 0.118974 0.903696 0.105143 0.90426 0.0890358 0.904875 0.0715097 0.905505 0.0536004 0.906179 0.0344791 0.906517 0.0248257 0.906874 0.0150295 0.974304 0.849506 0.974265 0.859377 0.969496 0.860305 0.906654 0.392392 0.907994 0.386758 0.909136 0.38123 0.909968 0.375614 0.910882 0.26592 0.912065 0.249091 0.91366 0.232249 0.915714 0.215436 0.918189 0.1987 0.920986 0.182101 0.923933 0.165701 0.926768 0.149561 0.929103 0.134346 0.930742 0.119767 0.931534 0.105399 0.931276 0.0887322 0.929648 0.0707444 0.92667 0.0526061 0.922383 0.0336274 0.919912 0.0241163 0.917814 0.014483 0.965757 0.85117 0.965096 0.664758 0.966231 0.666457 0.909095 0.392991 0.911797 0.387778 0.914057 0.382395 0.915608 0.376701 0.922138 0.267155 0.924342 0.250636 0.927221 0.234275 0.930863 0.218041 0.93525 0.201897 0.940269 0.185773 0.945669 0.169561 0.950986 0.153139 0.955391 0.137031 0.958382 0.120969 0.959579 0.104706 0.958451 0.0860566 0.954312 0.0664951 0.947346 0.0477175 0.93788 0.0294724 0.932475 0.0206246 0.927568 0.0118694 0.965449 0.862987 0.958498 0.855977 0.962734 0.867011 0.910965 0.394099 0.915192 0.389703 0.918836 0.384371 0.921286 0.378067 0.933381 0.268802 0.936461 0.252998 0.940474 0.237522 0.945483 0.222348 0.951497 0.207354 0.958454 0.192308 0.966177 0.176825 0.974233 0.160362 0.981261 0.142914 0.986123 0.124129 0.988031 0.104094 0.985911 0.0811786 0.9784 0.0580399 0.966297 0.037745 0.951056 0.0208668 0.942655 0.0134118 0.934941 0.00667235 0.953631 0.863195 0.964697 0.662755 0.965096 0.660751 0.0588618 0.994586 0.0645324 0.998443 0.0625858 0.99937 0.0624232 0.992985 0.0607432 0.987441 0.0558 0.989023 0.0596671 0.981663 0.0538675 0.982721 0.0530758 0.87201 0.0417847 0.873272 0.0516767 0.855201 0.0394258 0.856853 0.0499172 0.83846 0.036455 0.840702 0.0476725 0.821782 0.0327407 0.824798 0.0449055 0.80516 0.0282327 0.80907 0.0416484 0.788575 0.0229388 0.793369 0.0380465 0.771988 0.0169668 0.77741 0.0344409 0.755358 0.0106627 0.760756 0.0314821 0.73928 0.00521822 0.743531 0.0295888 0.723475 0.00162456 0.725393 0.0005 0.706324 0.0290624 0.707638 0.00281731 0.684496 0.0304032 0.689494 0.00983749 0.662266 0.0341831 0.670375 0.0209453 0.642392 0.0402832 0.651808 0.0350391 0.625278 0.0485243 0.633401 0.0428656 0.617593 0.0532414 0.624438 0.0502496 0.61059 0.0577133 0.615539 0.951898 0.871727 0.96177 0.871766 0.962697 0.876528 0.0669258 0.998063 0.0662963 0.992317 0.0657985 0.986719 0.0654856 0.981064 0.0643663 0.871316 0.0640217 0.854375 0.0635533 0.837379 0.0629077 0.820364 0.0620742 0.803379 0.0610719 0.786491 0.0599653 0.769793 0.0588799 0.75339 0.058013 0.737986 0.0574841 0.723297 0.0573882 0.708889 0.0578999 0.692242 0.0591885 0.674304 0.0612345 0.656185 0.0640479 0.637116 0.0656596 0.627577 0.0671558 0.617881 0.953564 0.880272 0.966231 0.659053 0.967929 0.657918 0.0694636 0.998091 0.070236 0.992363 0.070872 0.986778 0.0713229 0.981129 0.0756466 0.871455 0.0764033 0.854519 0.0772517 0.837529 0.0782476 0.820521 0.0794063 0.803546 0.0807129 0.786671 0.0821064 0.769988 0.0834633 0.753599 0.084578 0.738207 0.0853379 0.723522 0.0856571 0.709115 0.085402 0.692459 0.0843882 0.674501 0.0826192 0.656351 0.080097 0.637241 0.0786311 0.627678 0.0772847 0.61796 0.96538 0.880573 0.958374 0.887528 0.969405 0.883287 0.0718433 0.998526 0.0740922 0.993123 0.0759078 0.987618 0.0771273 0.981861 0.0869149 0.872429 0.0887274 0.855633 0.0908628 0.838905 0.0934522 0.822248 0.0965387 0.805656 0.100096 0.789108 0.103983 0.772565 0.107865 0.75598 0.111083 0.739936 0.113226 0.724151 0.113999 0.708315 0.112938 0.690144 0.109451 0.670963 0.103635 0.652301 0.095676 0.633768 0.091096 0.624733 0.0867615 0.615766 0.965595 0.892392 0.971936 0.657918 0.969933 0.65752 0.073762 0.9995 0.0776119 0.994813 0.08081 0.989321 0.0828993 0.983066 0.0981687 0.873985 0.100938 0.857571 0.104275 0.841435 0.108322 0.82556 0.113137 0.809876 0.118718 0.794232 0.124968 0.778343 0.13155 0.761767 0.137274 0.744609 0.141155 0.726513 0.142578 0.707449 0.140598 0.685575 0.133919 0.663231 0.123115 0.643185 0.109284 0.625854 0.101576 0.618048 0.0943002 0.610932 0.974128 0.894124 0.974167 0.884253 0.978938 0.883328 0.147698 0.688049 0.153513 0.69167 0.151609 0.692676 0.151191 0.686302 0.144415 0.682623 0.149288 0.680836 0.142221 0.676419 0.147972 0.675109 0.124843 0.567665 0.136064 0.565897 0.121762 0.551311 0.133933 0.549141 0.118116 0.535244 0.131478 0.532458 0.113766 0.519447 0.12857 0.515853 0.108652 0.503855 0.125167 0.499322 0.102774 0.488316 0.121296 0.482842 0.0962241 0.472543 0.117096 0.466372 0.0893313 0.456087 0.112904 0.449858 0.0832875 0.439033 0.109386 0.433873 0.0790699 0.421006 0.10695 0.418126 0.0772945 0.401966 0.105883 0.402303 0.106609 0.384112 0.0788701 0.380055 0.109742 0.364866 0.0851363 0.357588 0.115214 0.346097 0.0955691 0.337342 0.109079 0.319757 0.122831 0.327419 0.116643 0.31181 0.127245 0.3183 0.131414 0.309255 0.123787 0.304561 0.982676 0.892463 0.973635 0.659053 0.97477 0.660751 0.155875 0.69119 0.155034 0.685475 0.154312 0.67991 0.153766 0.674276 0.147312 0.564712 0.146234 0.547795 0.14506 0.530825 0.143739 0.51384 0.142256 0.496889 0.140629 0.48004 0.13892 0.463385 0.137256 0.447023 0.135853 0.431651 0.13482 0.41698 0.134233 0.402577 0.134181 0.385917 0.134865 0.367941 0.1363 0.34976 0.138472 0.330605 0.139762 0.321016 0.14093 0.311275 0.982995 0.880645 0.989941 0.887659 0.985723 0.876618 0.15838 0.691108 0.158978 0.685366 0.159389 0.679771 0.159606 0.674113 0.158588 0.564365 0.15861 0.547419 0.158753 0.530418 0.159073 0.513393 0.159582 0.496394 0.160263 0.47949 0.161053 0.462775 0.16183 0.446354 0.162408 0.430936 0.162663 0.416237 0.162492 0.401829 0.161673 0.385193 0.160055 0.367281 0.157677 0.349201 0.154515 0.330186 0.15273 0.320677 0.151057 0.311011 0.994823 0.880444 0.563851 0.717008 0.175421 0.661786 0.563851 0.661786 0.175421 0.717008 0.145556 0.725781 0.533986 0.725781 0.145556 0.781003 0.533986 0.781003 0.741872 0.0170701 0.683118 0.0170701 0.683118 0.00226623 0.741872 0.00226623 0.478524 0.941597 0.0900936 0.9564 0.0900936 0.941597 0.478524 0.9564 0.870837 0.97073 0.929592 0.97073 0.929592 0.985534 0.870837 0.985534 0.866762 0.986265 0.478332 0.986265 0.478332 0.971461 0.866762 0.971461 0.478332 0.968964 0.866762 0.971461 0.478332 0.971461 0.866762 0.968964 0.478524 0.941597 0.0900936 0.941597 0.478524 0.939099 0.0900936 0.939099 0.478524 0.958897 0.0900936 0.958897 0.478524 0.9564 0.0900936 0.9564 0.478332 0.986265 0.866762 0.988763 0.478332 0.988763 0.866762 0.986265 0.872604 0.9873 0.927825 0.9873 0.927825 0.968964 0.872604 0.968964 0.684884 0.0188363 0.740106 0.0188363 0.740106 0.0005 0.684884 0.0005 0.0217732 0.00476641 0.0187358 0.513631 0.0187357 0.00476641 0.0217734 0.513631 0.0248106 0.00476641 0.024811 0.513631 0.0278487 0.00476646 0.0278493 0.513631 0.0308881 0.513631 0.0308875 0.00476646 0.0339275 0.513631 0.0339269 0.00476654 0.0369669 0.00476646 0.0369676 0.513631 0.00354026 0.513631 0.000500168 0.00476636 0.00354036 0.00476641 0.0005 0.513631 0.00658022 0.00476641 0.00658022 0.513631 0.00961976 0.00476641 0.00961979 0.513631 0.012659 0.513631 0.012659 0.00476641 0.0156977 0.513631 0.0156977 0.00476646 0.926491 0.840732 0.538061 0.78551 0.926491 0.78551 0.538061 0.840732 0.222351 0.341809 0.610781 0.341809 0.222351 0.397031 0.610781 0.397031 0.950924 0.866076 0.892169 0.866076 0.892169 0.851272 0.950924 0.851272 0.474257 0.971461 0.0858272 0.986264 0.0858272 0.971461 0.474257 0.986264 0.942391 0.89594 0.883637 0.881136 0.942391 0.881136 0.883637 0.89594 0.871029 0.956401 0.482599 0.956401 0.482599 0.941597 0.871029 0.941597 0.482599 0.939099 0.871029 0.939099 0.482599 0.941597 0.871029 0.941597 0.0858272 0.971461 0.474257 0.968964 0.474257 0.971461 0.0858272 0.968964 0.474257 0.988762 0.0858272 0.988762 0.474257 0.986264 0.0858272 0.986264 0.482599 0.956401 0.871029 0.958898 0.482599 0.958898 0.871029 0.956401 0.885403 0.897706 0.940625 0.897706 0.940625 0.87937 0.885403 0.87937 0.893936 0.867842 0.949157 0.867842 0.949157 0.849506 0.893936 0.849506 0.0601704 0.00476641 0.057133 0.513631 0.0571329 0.00476641 0.0601706 0.513631 0.0632079 0.00476641 0.0632083 0.513631 0.066246 0.00476646 0.0662465 0.513631 0.0692853 0.513631 0.0692848 0.00476646 0.0723248 0.513631 0.0723242 0.00476654 0.0753642 0.00476646 0.0753648 0.513631 0.0419375 0.513631 0.0388974 0.00476636 0.0419376 0.00476641 0.0388972 0.513631 0.0449775 0.00476641 0.0449775 0.513631 0.048017 0.00476641 0.048017 0.513631 0.0510563 0.513631 0.0510563 0.00476641 0.0540949 0.513631 0.0540949 0.00476646 0.550871 0.0981598 0.571203 0.098162 0.55087 0.104893 0.571202 0.104895 0.550868 0.111627 0.571201 0.111627 0.550867 0.11836 0.5712 0.11836 0.550867 0.125093 0.571199 0.125093 0.550866 0.131826 0.571198 0.131826 0.550865 0.138559 0.571198 0.138559 0.550865 0.145291 0.571197 0.145292 0.550864 0.152024 0.571196 0.152025 0.571195 0.158758 0.550862 0.158756 0.550861 0.165489 0.571194 0.165491 0.550861 0.172222 0.571193 0.172223 0.550861 0.178956 0.571193 0.178956 0.55086 0.185689 0.571193 0.185689 0.550873 0.0644954 0.571206 0.0644954 0.550873 0.0712285 0.571206 0.0712285 0.550873 0.0779616 0.571205 0.0779616 0.550873 0.0846944 0.571205 0.0846951 0.550872 0.0914269 0.571204 0.0914287 0.595824 0.0162431 0.595193 0.0111818 0.599107 0.0162214 0.59971 0.0111646 0.602276 0.016964 0.604115 0.0122236 0.605099 0.0184195 0.608147 0.0143419 0.611487 0.0174919 0.607294 0.0205324 0.599595 0.0486424 0.601792 0.0427923 0.604032 0.0474622 0.598856 0.0436056 0.595041 0.0485857 0.59568 0.0435406 0.592538 0.0426827 0.590664 0.0474192 0.586699 0.0452505 0.589657 0.0410957 0.587219 0.0388711 0.58336 0.0422096 0.580833 0.0384681 0.58537 0.0361348 0.579257 0.034237 0.584217 0.0330431 0.578723 0.0297569 0.583827 0.0297744 0.584228 0.0265142 0.579275 0.0252822 0.585397 0.0234469 0.580881 0.0210695 0.583447 0.0173618 0.587265 0.0207473 0.586824 0.0143723 0.589725 0.0185699 0.590815 0.0122724 0.592634 0.0170395 0.586979 0.00220969 0.582745 0.00847099 0.580701 0.00551264 0.588259 0.00556995 0.57808 0.0126025 0.57539 0.0102163 0.571351 0.0160498 0.574532 0.0177267 0.568816 0.0226784 0.572307 0.0235483 0.57153 0.0297274 0.567926 0.0297308 0.572294 0.0359082 0.568809 0.0367632 0.574455 0.0417489 0.571257 0.0433929 0.575217 0.049261 0.577936 0.0469065 0.580458 0.0540216 0.582542 0.0510902 0.58801 0.0540568 0.586679 0.0573955 0.594028 0.0556315 0.593503 0.0591853 0.600487 0.0593424 0.600253 0.0557516 0.607221 0.058153 0.606402 0.054573 0.616956 0.0123652 0.614021 0.00535539 0.619378 0.00960556 0.612107 0.00840268 0.606574 0.0055466 0.607803 0.00217124 0.600531 0.00407067 0.600948 0.000500831 0.593865 0.0005 0.594305 0.00406744 0.84465 0.00566059 0.828534 0.0065226 0.840639 0.00136889 0.843023 0.00316112 0.844964 0.0115265 0.845324 0.00856584 0.843613 0.0141853 0.841434 0.0162215 0.835712 0.0175491 0.83869 0.0173898 0.830475 0.014888 0.832859 0.0166802 0.828174 0.00948325 0.828848 0.0123885 0.832064 0.00182758 0.834808 0.000659296 0.829885 0.00386388 0.837786 0.0005 0.585172 0.0119829 0.589779 0.00955894 0.581274 0.0154348 0.57831 0.0197161 0.576453 0.0245798 0.575812 0.029744 0.576434 0.0349132 0.57825 0.0397962 0.581164 0.044111 0.585017 0.0476135 0.589595 0.0501027 0.594653 0.0514291 0.599925 0.0515043 0.605129 0.0503288 0.609799 0.0119822 0.613816 0.0154927 0.605125 0.0095394 0.600043 0.00829982 0.594831 0.00830231 0.820188 0.000500049 0.820188 0.0160124 0.818833 0.000500049 0.818833 0.0160124 0.817479 0.000500049 0.817479 0.0160124 0.816124 0.000500049 0.816124 0.0160124 0.814769 0.000500049 0.814769 0.0160124 0.813415 0.000500049 0.813415 0.0160124 0.81206 0.000500049 0.81206 0.0160124 0.810705 0.000500049 0.810705 0.0160124 0.80935 0.000500049 0.80935 0.0160124 0.807995 0.000500049 0.807995 0.0160124 0.80664 0.000500049 0.80664 0.0160124 0.805286 0.000500049 0.805286 0.0160124 0.803931 0.000500049 0.803931 0.0160124 0.802576 0.0005 0.802576 0.0160124 0.826962 0.000500049 0.826962 0.0160124 0.825607 0.000500049 0.825607 0.0160124 0.824252 0.000500049 0.824252 0.0160124 0.822898 0.0005 0.822898 0.0160124 0.821543 0.000500049 0.821543 0.0160124 0.610781 0.461026 0.222351 0.461026 0.222351 0.405804 0.610781 0.405804 0.580725 0.593524 0.969155 0.593524 0.580725 0.648746 0.969155 0.648746 0.989321 0.985534 0.930566 0.985534 0.930566 0.97073 0.989321 0.97073 0.499855 0.836942 0.111425 0.836942 0.111425 0.822139 0.499855 0.822139 0.997853 0.925805 0.939099 0.925805 0.939099 0.911001 0.997853 0.911001 0.879561 0.896671 0.491131 0.896671 0.491131 0.881868 0.879561 0.881868 0.879561 0.881868 0.491131 0.881868 0.879561 0.87937 0.491131 0.87937 0.111425 0.819641 0.499855 0.819641 0.111425 0.822139 0.499855 0.822139 0.499855 0.839439 0.111425 0.839439 0.499855 0.836942 0.111425 0.836942 0.491131 0.896671 0.879561 0.896671 0.491131 0.899169 0.879561 0.899169 0.940865 0.927571 0.996087 0.927571 0.996087 0.909235 0.940865 0.909235 0.932333 0.9873 0.987554 0.9873 0.987554 0.968964 0.932333 0.968964 0.57665 0.589017 0.18822 0.589017 0.18822 0.533795 0.57665 0.533795 0.567926 0.721515 0.956356 0.721515 0.567926 0.776737 0.956356 0.776737 0.682143 0.0170701 0.623389 0.0170701 0.623389 0.00226608 0.682143 0.00226608 0.495589 0.866806 0.107159 0.866806 0.107159 0.852003 0.495589 0.852003 0.933858 0.955669 0.875104 0.955669 0.875104 0.940865 0.933858 0.940865 0.512654 0.807078 0.124224 0.807078 0.124224 0.792274 0.512654 0.792274 0.124224 0.792274 0.512654 0.789777 0.512654 0.792274 0.124224 0.789777 0.107159 0.849506 0.495589 0.849506 0.107159 0.852003 0.495589 0.852003 0.495589 0.869304 0.107159 0.869304 0.495589 0.866806 0.107159 0.866806 0.512654 0.807078 0.124224 0.809575 0.124224 0.807078 0.512654 0.809575 0.87687 0.957435 0.932092 0.957435 0.932092 0.939099 0.87687 0.939099 0.625155 0.0188362 0.680377 0.0188362 0.680377 0.0005 0.625155 0.0005 0.0956494 0.00290214 0.548111 0.00290214 0.548111 0.0569117 0.0956494 0.0569117 0.548111 0.0752666 0.0956493 0.129276 0.0956494 0.0752666 0.548111 0.129276 0.0772945 0.00290214 0.0956494 0.00290214 0.0772945 0.0569117 0.0956494 0.0569117 0.0932473 0.0005 0.0932473 0.0593138 0.0796966 0.0593138 0.0796966 0.0005 0.548111 0.0728645 0.0956494 0.0728645 0.0956494 0.0593139 0.548111 0.0593139 0.566466 0.0569117 0.548111 0.0569117 0.566466 0.00290214 0.548111 0.00290214 0.550513 0.0593139 0.550513 0.000500049 0.564064 0.000500049 0.564064 0.0593139 0.0956493 0.131678 0.548111 0.131678 0.548111 0.145229 0.0956493 0.145229 0.548111 0.145229 0.0956493 0.147631 0.0956493 0.145229 0.548111 0.147631 0.0956494 0.0593139 0.548111 0.0569117 0.548111 0.0593139 0.0956494 0.0569117 0.0956494 0.0728645 0.548111 0.0728645 0.0956494 0.0752666 0.548111 0.0752666 0.548111 0.131678 0.0956493 0.131678 0.548111 0.129276 0.0956493 0.129276 0.545969 0.199904 0.0900936 0.199904 0.0900936 0.149823 0.545969 0.149823 0.0900936 0.251101 0.545968 0.201019 0.545968 0.251101 0.0900936 0.201019 0.656543 0.515605 0.597791 0.515605 0.59779 0.502065 0.656543 0.502065 0.0900936 0.255342 0.542628 0.255342 0.542628 0.267815 0.0900936 0.267815 0.801599 0.01644 0.742847 0.01644 0.742847 0.00290054 0.801599 0.00290054 0.542628 0.289148 0.0900936 0.289148 0.0900936 0.276674 0.542628 0.276674 0.0900936 0.276674 0.542628 0.273547 0.542628 0.276674 0.0900936 0.273547 0.0900936 0.267815 0.542628 0.267815 0.0900936 0.270942 0.542628 0.270942 0.0900936 0.255342 0.542628 0.252215 0.542628 0.255342 0.0900936 0.252215 0.0900936 0.289148 0.542628 0.289148 0.0900936 0.292275 0.542628 0.292275 0.745246 0.0188416 0.7992 0.0188416 0.7992 0.0005 0.745246 0.0005 0.60019 0.518007 0.654143 0.518006 0.654143 0.499664 0.60019 0.499664 0.593715 0.525021 0.205285 0.525021 0.205285 0.4698 0.593715 0.4698 0.179687 0.59779 0.568117 0.59779 0.179687 0.653012 0.568117 0.653012 0.989321 0.80208 0.930566 0.80208 0.930566 0.787277 0.989321 0.787277 0.487056 0.896671 0.0986263 0.896671 0.0986263 0.881868 0.487056 0.881868 0.938124 0.925805 0.87937 0.925805 0.87937 0.911001 0.938124 0.911001 0.875295 0.926536 0.486865 0.926536 0.486865 0.911732 0.875295 0.911732 0.875295 0.911732 0.486865 0.911732 0.875295 0.909235 0.486865 0.909235 0.0986263 0.881868 0.487056 0.87937 0.487056 0.881868 0.0986263 0.87937 0.0986263 0.896671 0.487056 0.896671 0.0986263 0.899168 0.487056 0.899168 0.486865 0.926536 0.875295 0.926536 0.486865 0.929034 0.875295 0.929034 0.936358 0.927571 0.881136 0.927571 0.936358 0.909235 0.881136 0.909235 0.932333 0.803847 0.987554 0.803847 0.932333 0.78551 0.987554 0.78551 </float_array>
          <technique_common>
            <accessor count="1072" offset="0" source="#meshId0-tex0-array" stride="2">
              <param name="S" type="float" />
              <param name="T" type="float" />
            </accessor>
          </technique_common>
        </source>
        <vertices id="meshId0-vertices">
          <input semantic="POSITION" source="#meshId0-positions" />
        </vertices>
        <polylist count="1204" material="defaultMaterial">
          <input offset="0" semantic="VERTEX" source="#meshId0-vertices" />
          <input offset="0" semantic="NORMAL" source="#meshId0-normals" />
          <input offset="0" semantic="TANGENT" source="#meshId0-tangents" />
          <input offset="0" semantic="BINORMAL" source="#meshId0-bitangents" />
          <input offset="0" semantic="TEXCOORD" source="#meshId0-tex0" set="0" />
          <vcount>3 3 3 3 3 3 3 3 3 3 3 3 3 3 3 3 3 3 3 3 3 3 3 3 3 3 3 3 3 3 3 3 3 3 3 3 3 3 3 3 3 3 3 3 3 3 3 3 3 3 3 3 3 3 3 3 3 3 3 3 3 3 3 3 3 3 3 3 3 3 3 3 3 3 3 3 3 3 3 3 3 3 3 3 3 3 3 3 3 3 3 3 3 3 3 3 3 3 3 3 3 3 3 3 3 3 3 3 3 3 3 3 3 3 3 3 3 3 3 3 3 3 3 3 3 3 3 3 3 3 3 3 3 3 3 3 3 3 3 3 3 3 3 3 3 3 3 3 3 3 3 3 3 3 3 3 3 3 3 3 3 3 3 3 3 3 3 3 3 3 3 3 3 3 3 3 3 3 3 3 3 3 3 3 3 3 3 3 3 3 3 3 3 3 3 3 3 3 3 3 3 3 3 3 3 3 3 3 3 3 3 3 3 3 3 3 3 3 3 3 3 3 3 3 3 3 3 3 3 3 3 3 3 3 3 3 3 3 3 3 3 3 3 3 3 3 3 3 3 3 3 3 3 3 3 3 3 3 3 3 3 3 3 3 3 3 3 3 3 3 3 3 3 3 3 3 3 3 3 3 3 3 3 3 3 3 3 3 3 3 3 3 3 3 3 3 3 3 3 3 3 3 3 3 3 3 3 3 3 3 3 3 3 3 3 3 3 3 3 3 3 3 3 3 3 3 3 3 3 3 3 3 3 3 3 3 3 3 3 3 3 3 3 3 3 3 3 3 3 3 3 3 3 3 3 3 3 3 3 3 3 3 3 3 3 3 3 3 3 3 3 3 3 3 3 3 3 3 3 3 3 3 3 3 3 3 3 3 3 3 3 3 3 3 3 3 3 3 3 3 3 3 3 3 3 3 3 3 3 3 3 3 3 3 3 3 3 3 3 3 3 3 3 3 3 3 3 3 3 3 3 3 3 3 3 3 3 3 3 3 3 3 3 3 3 3 3 3 3 3 3 3 3 3 3 3 3 3 3 3 3 3 3 3 3 3 3 3 3 3 3 3 3 3 3 3 3 3 3 3 3 3 3 3 3 3 3 3 3 3 3 3 3 3 3 3 3 3 3 3 3 3 3 3 3 3 3 3 3 3 3 3 3 3 3 3 3 3 3 3 3 3 3 3 3 3 3 3 3 3 3 3 3 3 3 3 3 3 3 3 3 3 3 3 3 3 3 3 3 3 3 3 3 3 3 3 3 3 3 3 3 3 3 3 3 3 3 3 3 3 3 3 3 3 3 3 3 3 3 3 3 3 3 3 3 3 3 3 3 3 3 3 3 3 3 3 3 3 3 3 3 3 3 3 3 3 3 3 3 3 3 3 3 3 3 3 3 3 3 3 3 3 3 3 3 3 3 3 3 3 3 3 3 3 3 3 3 3 3 3 3 3 3 3 3 3 3 3 3 3 3 3 3 3 3 3 3 3 3 3 3 3 3 3 3 3 3 3 3 3 3 3 3 3 3 3 3 3 3 3 3 3 3 3 3 3 3 3 3 3 3 3 3 3 3 3 3 3 3 3 3 3 3 3 3 3 3 3 3 3 3 3 3 3 3 3 3 3 3 3 3 3 3 3 3 3 3 3 3 3 3 3 3 3 3 3 3 3 3 3 3 3 3 3 3 3 3 3 3 3 3 3 3 3 3 3 3 3 3 3 3 3 3 3 3 3 3 3 3 3 3 3 3 3 3 3 3 3 3 3 3 3 3 3 3 3 3 3 3 3 3 3 3 3 3 3 3 3 3 3 3 3 3 3 3 3 3 3 3 3 3 3 3 3 3 3 3 3 3 3 3 3 3 3 3 3 3 3 3 3 3 3 3 3 3 3 3 3 3 3 3 3 3 3 3 3 3 3 3 3 3 3 3 3 3 3 3 3 3 3 3 3 3 3 3 3 3 3 3 3 3 3 3 3 3 3 3 3 3 3 3 3 3 3 3 3 3 3 3 3 3 3 3 3 3 3 3 3 3 3 3 3 3 3 3 3 3 3 3 3 3 3 3 3 3 3 3 3 3 3 3 3 3 3 3 3 3 3 3 3 3 3 3 3 3 3 3 3 3 3 3 3 3 3 3 3 3 3 3 3 3 3 3 3 3 3 3 3 3 3 3 3 3 3 3 3 3 3 3 3 3 3 3 3 3 3 3 3 3 3 3 3 3 3 3 3 3 3 3 3 3 3 3 3 3 3 3 3 3 3 3 3 3 3 3 3 3 3 3 3 3 3 3 3 3 3 3 3 3 3 3 3 3 3 3 3 3 3 3 3 3 3 3 3 3 3 3 3 3 3 3 3 3 3 3 3 3 3 3 3 3 3 3 3 3 3 3 3 3 3 3 3 3 3 3 3 3 3 3 3 3 3 3 3 3 3 3 3 3 3 3 3 3 3 3 3 3 3 3 3 3 3 3 3 3 3 3 3 3 3 3 3 3 3 3 3 3 3 3 3 3 3 3 3 3 3 3 3 3 3 3 3 3 3 3 3 3 3 3 3 3 3 3 3 3 3 3 3 3 3 3 3 3 3 3 3 3 3 3 3 3 3 3 3 3 3 3 3 3 3 3 3 3 3 3 3 3 3 3 3 3 3 3 3 3 3 3 3 3 3 3 3 3 3 3 3 3 3 3 3 3 3 3 3 3 3 3 3 3 3 3 3 3 3 </vcount>
          <p>0 1 2 2 3 0 4 5 6 6 5 7 8 9 10 8 10 11 12 13 14 12 14 15 16 17 18 16 18 19 20 21 22 20 22 23 24 25 26 25 24 27 28 29 30 30 29 31 32 33 34 34 33 35 36 37 38 37 36 39 17 40 41 40 17 16 42 18 43 19 18 42 8 44 9 44 8 45 46 11 10 11 46 47 48 49 50 49 48 51 52 50 49 50 52 53 53 54 55 54 53 52 55 56 57 56 55 54 57 58 59 58 57 56 59 60 61 60 59 58 61 62 63 62 61 60 63 64 65 64 63 62 65 66 67 66 65 64 67 68 69 68 67 66 69 70 71 70 69 68 72 71 70 71 72 73 74 73 72 73 74 75 76 75 74 75 76 77 77 76 78 76 79 78 78 79 80 79 81 80 80 81 82 81 83 82 84 82 83 82 84 85 86 84 87 85 84 86 88 86 87 86 88 89 90 91 92 91 90 93 94 95 96 95 94 97 98 99 100 99 98 101 102 101 98 101 102 103 104 103 102 103 104 105 105 106 107 106 105 104 107 108 109 108 107 106 110 109 108 109 110 111 112 111 110 111 112 113 114 113 112 113 114 115 116 115 114 115 116 117 118 117 116 117 118 119 120 119 118 119 120 121 122 121 120 121 122 123 123 124 125 124 123 122 125 126 127 126 125 124 127 126 128 126 129 128 128 129 130 129 131 130 130 131 132 131 133 132 132 133 134 133 135 134 134 135 136 135 137 136 136 137 138 137 139 138 140 91 141 91 93 141 90 142 93 93 142 141 101 143 99 143 101 144 145 144 101 101 103 145 145 103 146 103 105 146 147 146 105 105 107 147 148 147 107 107 109 148 149 148 109 109 111 149 149 111 150 111 113 150 150 113 151 113 115 151 151 115 152 115 117 152 152 117 153 117 119 153 153 119 154 119 121 154 154 121 155 121 123 155 155 123 156 123 125 156 156 125 157 125 127 157 157 128 158 128 157 127 158 130 159 130 158 128 132 159 130 159 132 160 160 134 161 134 160 132 161 136 162 136 161 134 163 162 136 163 136 138 142 164 140 142 140 141 94 165 166 165 94 96 144 167 143 167 144 168 168 144 169 144 145 169 169 145 170 145 146 170 171 170 146 146 147 171 171 147 172 147 148 172 172 148 173 148 149 173 173 149 174 149 150 174 174 150 175 150 151 175 175 151 176 151 152 176 176 152 177 152 153 177 177 153 178 153 154 178 178 154 179 154 155 179 179 155 180 155 156 180 157 181 156 180 156 181 181 158 182 158 181 157 182 159 183 159 182 158 183 160 184 160 183 159 184 161 185 161 184 160 185 162 186 162 185 161 162 187 186 187 162 163 188 142 189 142 188 164 90 189 142 189 90 190 168 191 167 191 168 192 169 192 168 192 169 193 193 170 194 170 193 169 194 171 195 171 194 170 195 172 196 172 195 171 196 173 197 173 196 172 197 174 198 174 197 173 198 175 199 175 198 174 199 176 200 176 199 175 200 177 201 177 200 176 201 178 202 178 201 177 179 202 178 202 179 203 180 203 179 203 180 204 181 204 180 204 181 205 205 181 206 181 182 206 206 182 207 182 183 207 207 183 208 183 184 208 209 184 185 184 209 208 210 185 186 185 210 209 187 210 186 210 187 211 189 212 188 212 189 190 213 166 214 166 213 94 215 192 216 192 215 191 193 216 192 216 193 217 194 217 193 217 194 218 218 195 219 195 218 194 219 196 220 196 219 195 197 220 196 220 197 221 198 221 197 221 198 222 199 222 198 222 199 223 200 223 199 223 200 224 201 224 200 224 201 225 202 225 201 225 202 226 203 226 202 226 203 227 227 204 228 204 227 203 228 205 229 205 228 204 229 205 230 205 206 230 230 206 231 206 207 231 231 207 232 207 208 232 233 208 209 208 233 232 234 209 210 209 234 233 211 234 210 234 211 235 236 212 190 212 236 237 90 236 190 236 90 238 239 216 240 216 239 215 241 240 216 216 217 241 241 217 242 217 218 242 243 242 218 218 219 243 244 243 219 219 220 244 245 244 220 220 221 245 245 221 246 221 222 246 246 222 247 222 223 247 247 223 248 223 224 248 248 224 249 224 225 249 249 225 250 225 226 250 250 226 251 226 227 251 251 227 252 227 228 252 252 228 253 228 229 253 253 230 254 230 253 229 254 231 255 231 254 230 232 255 231 255 232 256 256 233 257 233 256 232 234 257 233 257 234 258 258 235 259 235 258 234 260 237 238 237 236 238 94 261 262 261 94 213 263 264 265 264 263 266 266 263 267 263 268 267 267 268 269 268 270 269 271 269 270 270 272 271 271 272 273 272 274 273 273 274 275 274 276 275 275 276 277 276 278 277 277 278 279 278 280 279 279 280 281 280 282 281 281 282 283 282 284 283 283 284 285 284 286 285 285 286 287 286 288 287 287 288 289 288 290 289 291 292 290 289 290 292 292 293 294 293 292 291 294 295 296 295 294 293 296 297 298 297 296 295 298 299 300 299 298 297 300 301 302 301 300 299 302 303 304 303 302 301 305 238 306 238 305 260 90 306 238 306 90 307 266 308 264 308 266 309 267 309 266 309 267 310 310 269 311 269 310 267 311 271 312 271 311 269 312 273 313 273 312 271 313 275 314 275 313 273 314 277 315 277 314 275 315 279 316 279 315 277 316 281 317 281 316 279 317 283 318 283 317 281 318 285 319 285 318 283 287 319 285 319 287 320 289 320 287 320 289 321 292 321 289 321 292 322 322 292 323 292 294 323 323 294 324 294 296 324 324 296 325 296 298 325 325 300 326 300 325 298 300 327 326 327 300 302 302 328 327 328 302 304 305 307 329 307 305 306 94 330 331 330 94 262 309 332 308 332 309 333 310 333 309 333 310 334 311 334 310 334 311 335 335 312 336 312 335 311 336 313 337 313 336 312 314 337 313 337 314 338 315 338 314 338 315 339 316 339 315 339 316 340 317 340 316 340 317 341 318 341 317 341 318 342 319 342 318 342 319 343 320 343 319 343 320 344 344 321 345 321 344 320 345 322 346 322 345 321 346 322 347 322 323 347 347 323 348 323 324 348 348 324 349 324 325 349 326 349 325 349 326 350 351 326 327 326 351 350 328 351 327 351 328 352 329 353 354 353 329 307 307 90 355 307 355 353 356 333 357 333 356 332 358 357 333 333 334 358 358 334 359 334 335 359 360 359 335 335 336 360 361 360 336 336 337 361 362 361 337 337 338 362 362 338 363 338 339 363 363 339 364 339 340 364 364 340 365 340 341 365 365 341 366 341 342 366 366 342 367 342 343 367 367 343 368 343 344 368 368 344 369 344 345 369 369 345 370 345 346 370 370 347 371 347 370 346 371 348 372 348 371 347 349 372 348 372 349 373 350 373 349 373 350 374 375 350 351 350 375 374 376 351 352 351 376 375 355 354 353 354 355 377 378 331 379 94 331 378 380 357 381 357 380 356 381 357 382 357 358 382 382 358 383 358 359 383 384 383 359 359 360 384 384 360 385 360 361 385 385 361 386 361 362 386 386 362 387 362 363 387 387 363 388 363 364 388 388 364 389 364 365 389 389 365 390 365 366 390 390 366 391 366 367 391 391 367 392 367 368 392 392 368 393 368 369 393 370 394 369 393 369 394 394 371 395 371 394 370 395 372 396 372 395 371 396 373 397 373 396 372 374 398 373 397 373 398 375 398 374 398 375 399 399 375 400 375 376 400 401 377 402 377 355 402 355 90 403 355 403 402 404 405 406 405 404 407 408 407 404 407 408 409 409 410 411 410 409 408 411 412 413 412 411 410 413 414 415 414 413 412 415 416 417 416 415 414 417 418 419 418 417 416 419 420 421 420 419 418 421 422 423 422 421 420 423 424 425 424 423 422 425 426 427 426 425 424 428 427 426 427 428 429 430 429 428 429 430 431 432 431 430 431 432 433 433 432 434 432 435 434 434 435 436 435 437 436 436 437 438 437 439 438 438 440 441 440 438 439 441 442 443 442 441 440 443 442 444 442 445 444 446 402 403 402 446 401 447 94 378 94 447 448 407 449 405 449 407 450 409 450 407 450 409 451 411 451 409 451 411 452 452 413 453 413 452 411 453 415 454 415 453 413 417 454 415 454 417 455 419 455 417 455 419 456 421 456 419 456 421 457 423 457 421 457 423 458 425 458 423 458 425 459 427 459 425 459 427 460 429 460 427 460 429 461 461 431 462 431 461 429 462 433 463 433 462 431 463 433 464 433 434 464 464 434 465 434 436 465 465 436 466 436 438 466 466 441 467 441 466 438 467 443 468 443 467 441 469 468 443 469 443 444 470 471 446 470 446 403 403 90 472 403 472 470 450 473 449 473 450 474 475 474 450 450 451 475 475 451 476 451 452 476 477 476 452 452 453 477 478 477 453 453 454 478 479 478 454 454 455 479 479 455 480 455 456 480 480 456 481 456 457 481 481 457 482 457 458 482 482 458 483 458 459 483 483 459 484 459 460 484 484 460 485 460 461 485 485 461 486 461 462 486 486 462 487 462 463 487 487 464 488 464 487 463 488 465 489 465 488 464 466 489 465 489 466 490 490 467 491 467 490 466 491 468 492 468 491 467 468 493 492 493 468 469 494 470 472 470 494 471 51 474 49 474 51 473 49 474 52 474 475 52 52 475 54 475 476 54 56 54 476 476 477 56 56 477 58 477 478 58 58 478 60 478 479 60 60 479 62 479 480 62 62 480 64 480 481 64 64 481 66 481 482 66 66 482 68 482 483 68 68 483 70 483 484 70 70 484 72 484 485 72 72 485 74 485 486 74 487 76 486 74 486 76 76 488 79 488 76 487 79 489 81 489 79 488 81 490 83 490 81 489 491 83 490 83 491 84 492 84 491 84 492 87 88 492 493 492 88 87 90 494 472 494 90 92 495 496 497 496 495 498 499 500 501 501 500 502 503 504 505 503 505 506 507 508 509 508 507 510 511 512 513 511 513 514 515 516 517 517 518 515 519 520 521 520 519 522 523 524 525 525 524 526 527 528 529 529 528 530 531 532 533 532 531 534 535 513 536 514 513 535 511 537 512 537 511 538 503 539 504 539 503 540 541 505 542 506 505 541 543 544 545 544 543 546 546 547 548 547 546 543 548 549 550 549 548 547 551 549 552 549 551 550 553 552 554 552 553 551 555 556 553 553 554 555 557 558 559 558 557 560 561 557 559 557 561 562 563 562 561 562 563 564 563 565 564 565 563 566 566 567 565 567 566 568 568 544 567 544 568 545 569 570 571 570 569 572 573 574 575 575 574 576 577 578 579 577 579 580 581 582 583 582 581 584 585 586 587 586 585 588 589 590 591 591 592 589 593 594 595 595 594 596 597 598 599 598 597 600 601 602 603 603 602 604 605 606 607 606 605 608 609 585 610 588 585 609 586 611 587 611 586 612 577 613 578 613 577 614 615 579 616 580 579 615 617 618 619 618 617 620 620 621 622 621 620 617 622 623 624 623 622 621 625 623 626 623 625 624 627 626 628 626 627 625 629 630 627 627 628 629 631 632 633 632 631 634 635 631 633 631 635 636 637 636 635 636 637 638 637 639 638 639 637 640 640 641 639 641 640 642 642 618 641 618 642 619 643 644 645 645 644 646 645 646 647 647 646 648 647 648 649 649 648 650 649 650 651 651 650 652 651 652 653 653 652 654 653 654 655 655 654 656 655 656 657 657 656 658 657 658 659 659 658 660 659 661 662 661 659 660 662 661 663 663 661 664 663 664 665 665 664 666 665 666 667 667 666 668 667 668 669 669 668 670 671 672 673 673 672 674 673 674 675 675 674 676 675 676 677 677 676 678 677 678 679 679 678 680 679 680 643 643 680 644 681 682 683 683 682 684 684 685 683 685 684 686 687 686 688 686 687 685 689 687 688 687 689 690 691 692 693 692 691 694 694 695 696 695 694 691 695 697 696 697 695 698 697 699 700 699 697 698 699 701 700 701 699 702 703 701 702 701 703 704 705 706 703 706 704 703 706 707 708 707 706 705 708 707 709 709 707 710 710 711 709 711 710 712 713 711 712 711 713 714 713 715 716 713 716 714 717 716 715 716 717 718 718 682 681 682 718 717 719 720 721 720 719 722 721 723 724 723 721 720 724 723 725 725 723 726 725 726 727 727 726 728 727 729 730 729 727 728 730 731 732 731 730 729 732 733 734 733 732 731 734 733 735 735 733 736 736 737 735 737 736 738 737 739 740 739 737 738 740 741 742 741 740 739 742 741 743 743 741 744 743 744 745 745 744 746 747 748 749 748 747 750 748 751 752 751 748 750 752 753 754 753 752 751 754 753 755 755 753 756 756 719 755 719 756 722 757 758 759 757 759 760 761 758 757 761 757 762 758 763 764 763 758 761 765 764 766 758 764 765 765 767 758 767 765 768 769 767 770 758 767 769 758 771 772 771 758 773 759 772 774 759 758 772 720 722 775 722 776 775 723 720 777 720 775 777 726 777 778 777 726 723 778 728 726 728 778 779 729 728 780 728 779 780 731 729 781 729 780 781 782 731 781 731 782 733 782 736 733 736 782 783 783 738 736 738 783 784 739 738 785 738 784 785 741 739 786 739 785 786 787 741 786 741 787 744 787 746 744 746 787 788 750 747 789 747 790 789 751 750 791 750 789 791 753 791 792 791 753 751 792 756 753 756 792 793 793 722 756 722 793 776 793 684 682 684 793 792 792 686 684 686 792 791 791 688 686 688 791 789 789 689 688 689 789 790 788 691 693 691 788 787 695 691 786 691 787 786 786 698 695 698 786 785 785 699 698 699 785 784 784 702 699 702 784 783 782 702 783 702 782 703 705 782 781 782 705 703 707 781 780 781 707 705 780 710 707 710 780 779 779 778 710 710 778 712 778 777 712 712 777 713 777 715 713 715 777 775 776 715 775 715 776 717 682 776 793 776 682 717 794 795 796 796 795 797 796 797 798 798 797 799 798 799 800 800 799 801 800 801 802 802 801 803 802 803 804 804 803 805 804 805 806 806 805 807 806 807 808 808 807 809 808 809 810 810 809 811 810 811 812 812 811 813 812 813 814 814 813 815 814 815 816 816 815 817 816 817 818 818 817 819 818 819 820 820 819 821 822 823 824 824 823 825 824 825 826 826 825 827 826 827 828 828 827 829 828 829 830 830 829 831 830 831 794 794 831 795 832 833 834 834 835 832 836 837 838 838 837 839 840 841 842 840 842 843 844 845 846 844 846 847 848 849 850 848 850 851 852 853 854 852 854 855 856 857 858 858 857 859 860 861 862 862 861 863 864 865 866 866 865 867 868 869 870 870 869 871 848 872 849 872 848 873 874 850 875 851 850 874 840 876 841 876 840 877 878 842 879 843 842 878 880 881 882 882 883 880 884 885 886 886 885 887 888 889 890 888 890 891 892 893 894 892 894 895 896 897 898 896 898 899 900 901 902 900 902 903 904 905 906 905 904 907 908 909 910 910 909 911 912 913 914 914 913 915 916 917 918 917 916 919 896 920 897 920 896 921 922 898 923 899 898 922 888 924 889 924 888 925 926 890 927 891 890 926 928 929 930 928 930 931 932 933 934 933 932 935 936 937 938 938 937 939 937 936 940 938 939 941 938 941 942 940 936 943 944 945 946 944 946 947 948 949 950 950 949 951 949 948 952 950 951 953 950 953 954 952 948 955 956 957 958 956 958 959 960 961 962 961 960 963 964 965 966 965 964 967 968 969 970 971 970 969 972 973 974 975 974 973 976 977 978 976 978 979 980 981 982 981 980 983 984 985 986 984 986 987 988 989 990 988 990 991 992 993 994 992 994 995 996 997 998 996 998 999 1000 1001 1002 1001 1000 1003 1004 1005 1006 1007 1006 1005 1008 1009 1010 1009 1008 1011 1012 1013 1014 1015 1014 1013 992 1016 993 1016 992 1017 1018 994 1019 995 994 1018 984 1020 985 1020 984 1021 1022 986 1023 987 986 1022 1024 1025 1026 1026 1027 1024 1028 1029 1030 1030 1029 1031 1032 1033 1034 1032 1034 1035 1036 1037 1038 1036 1038 1039 1040 1041 1042 1040 1042 1043 1044 1045 1046 1044 1046 1047 1048 1049 1050 1050 1049 1051 1052 1053 1054 1053 1052 1055 1056 1057 1058 1059 1058 1057 1060 1061 1062 1062 1061 1063 1041 1064 1065 1064 1041 1040 1066 1042 1067 1043 1042 1066 1032 1068 1033 1068 1032 1069 1070 1035 1034 1035 1070 1071 </p>
        </polylist>
      </mesh>
    </geometry>
  </library_geometries>
  <library_visual_scenes>
    <visual_scene id="root" name="root">
      <node id="Box200" name="Box200">
        <matrix>1 0 0 0 0 1 0 0 0 0 1 0 0 0 0 1</matrix>
        <instance_geometry url="#meshId0">
          <bind_material>
            <technique_common>
              <instance_material symbol="defaultMaterial" target="#DefaultMaterial" />
            </technique_common>
          </bind_material>
        </instance_geometry>
      </node>
    </visual_scene>
  </library_visual_scenes>
  <scene>
    <instance_visual_scene url="#root" />
  </scene>
</COLLADA>
